Date,Region,Conversions
2022-07-20,Lombardy,112
2022-07-20,Piedmont,18
2022-07-20,Lazio,58
2022-07-20,Apulia,39
2022-07-20,Campania,29
2022-07-20,Sicily,13
2022-07-20,Sardinia,8
2022-07-20,Friuli-Venezia Giulia,5
2022-07-20,Liguria,112
2022-07-20,Marche,3
2022-07-20,Tuscany,25
2022-07-20,Trentino-South Tyrol,0
2022-07-20,Calabria,5
2022-07-20,Veneto,23
2022-07-20,Umbria,2
2022-07-20,Emilia-Romagna,34
2022-07-20,Molise,0
2022-07-20,Aosta Valley,0
2022-07-20,Basilicata,0
2022-07-20,Abruzzo,6
2022-07-19,Lombardy,160
2022-07-19,Piedmont,30
2022-07-19,Lazio,91
2022-07-19,Apulia,33
2022-07-19,Campania,39
2022-07-19,Sicily,17
2022-07-19,Sardinia,9
2022-07-19,Friuli-Venezia Giulia,13
2022-07-19,Liguria,67
2022-07-19,Marche,7
2022-07-19,Tuscany,26
2022-07-19,Trentino-South Tyrol,8
2022-07-19,Calabria,6
2022-07-19,Veneto,39
2022-07-19,Umbria,2
2022-07-19,Emilia-Romagna,40
2022-07-19,Molise,0
2022-07-19,Aosta Valley,0
2022-07-19,Basilicata,0
2022-07-19,Abruzzo,13
2022-07-18,Lombardy,166
2022-07-18,Piedmont,30
2022-07-18,Lazio,108
2022-07-18,Apulia,55
2022-07-18,Campania,45
2022-07-18,Sicily,18
2022-07-18,Sardinia,11
2022-07-18,Friuli-Venezia Giulia,15
2022-07-18,Liguria,121
2022-07-18,Marche,12
2022-07-18,Tuscany,23
2022-07-18,Trentino-South Tyrol,7
2022-07-18,Calabria,4
2022-07-18,Veneto,35
2022-07-18,Umbria,11
2022-07-18,Emilia-Romagna,43
2022-07-18,Molise,1
2022-07-18,Aosta Valley,1
2022-07-18,Basilicata,1
2022-07-18,Abruzzo,14
2022-07-17,Lombardy,57
2022-07-17,Piedmont,6
2022-07-17,Lazio,20
2022-07-17,Apulia,15
2022-07-17,Campania,9
2022-07-17,Sicily,8
2022-07-17,Sardinia,3
2022-07-17,Friuli-Venezia Giulia,3
2022-07-17,Liguria,32
2022-07-17,Marche,3
2022-07-17,Tuscany,7
2022-07-17,Trentino-South Tyrol,2
2022-07-17,Calabria,0
2022-07-17,Veneto,11
2022-07-17,Umbria,2
2022-07-17,Emilia-Romagna,8
2022-07-17,Molise,0
2022-07-17,Aosta Valley,0
2022-07-17,Basilicata,0
2022-07-17,Abruzzo,5
2022-07-16,Lombardy,35
2022-07-16,Piedmont,12
2022-07-16,Lazio,19
2022-07-16,Apulia,17
2022-07-16,Campania,15
2022-07-16,Sicily,6
2022-07-16,Sardinia,2
2022-07-16,Friuli-Venezia Giulia,1
2022-07-16,Liguria,23
2022-07-16,Marche,1
2022-07-16,Tuscany,5
2022-07-16,Trentino-South Tyrol,1
2022-07-16,Calabria,2
2022-07-16,Veneto,3
2022-07-16,Umbria,9
2022-07-16,Emilia-Romagna,7
2022-07-16,Molise,0
2022-07-16,Aosta Valley,0
2022-07-16,Basilicata,0
2022-07-16,Abruzzo,1
2022-07-15,Lombardy,104
2022-07-15,Piedmont,25
2022-07-15,Lazio,57
2022-07-15,Apulia,22
2022-07-15,Campania,28
2022-07-15,Sicily,9
2022-07-15,Sardinia,6
2022-07-15,Friuli-Venezia Giulia,4
2022-07-15,Liguria,43
2022-07-15,Marche,5
2022-07-15,Tuscany,13
2022-07-15,Trentino-South Tyrol,4
2022-07-15,Calabria,1
2022-07-15,Veneto,33
2022-07-15,Umbria,10
2022-07-15,Emilia-Romagna,13
2022-07-15,Molise,0
2022-07-15,Aosta Valley,0
2022-07-15,Basilicata,0
2022-07-15,Abruzzo,2
2022-07-14,Lombardy,123
2022-07-14,Piedmont,22
2022-07-14,Lazio,96
2022-07-14,Apulia,21
2022-07-14,Campania,50
2022-07-14,Sicily,27
2022-07-14,Sardinia,2
2022-07-14,Friuli-Venezia Giulia,1
2022-07-14,Liguria,59
2022-07-14,Marche,9
2022-07-14,Tuscany,25
2022-07-14,Trentino-South Tyrol,4
2022-07-14,Calabria,2
2022-07-14,Veneto,30
2022-07-14,Umbria,8
2022-07-14,Emilia-Romagna,29
2022-07-14,Molise,1
2022-07-14,Aosta Valley,0
2022-07-14,Basilicata,0
2022-07-14,Abruzzo,3
2022-07-13,Lombardy,139
2022-07-13,Piedmont,32
2022-07-13,Lazio,65
2022-07-13,Apulia,31
2022-07-13,Campania,45
2022-07-13,Sicily,19
2022-07-13,Sardinia,3
2022-07-13,Friuli-Venezia Giulia,2
2022-07-13,Liguria,83
2022-07-13,Marche,20
2022-07-13,Tuscany,22
2022-07-13,Trentino-South Tyrol,1
2022-07-13,Calabria,8
2022-07-13,Veneto,36
2022-07-13,Umbria,12
2022-07-13,Emilia-Romagna,43
2022-07-13,Molise,0
2022-07-13,Aosta Valley,0
2022-07-13,Basilicata,0
2022-07-13,Abruzzo,3
2022-07-12,Lombardy,145
2022-07-12,Piedmont,33
2022-07-12,Lazio,61
2022-07-12,Apulia,30
2022-07-12,Campania,46
2022-07-12,Sicily,17
2022-07-12,Sardinia,2
2022-07-12,Friuli-Venezia Giulia,3
2022-07-12,Liguria,68
2022-07-12,Marche,11
2022-07-12,Tuscany,31
2022-07-12,Trentino-South Tyrol,3
2022-07-12,Calabria,5
2022-07-12,Veneto,36
2022-07-12,Umbria,22
2022-07-12,Emilia-Romagna,40
2022-07-12,Molise,3
2022-07-12,Aosta Valley,0
2022-07-12,Basilicata,1
2022-07-12,Abruzzo,5
2022-07-11,Tuscany,26
2022-07-11,Lombardy,159
2022-07-11,Lazio,74
2022-07-11,Umbria,0
2022-07-11,Emilia-Romagna,40
2022-07-11,Sicily,18
2022-07-11,Sardinia,15
2022-07-11,Liguria,74
2022-07-11,Campania,51
2022-07-11,Veneto,33
2022-07-11,Piedmont,34
2022-07-11,Apulia,33
2022-07-11,Marche,13
2022-07-11,Trentino-South Tyrol,0
2022-07-11,Friuli-Venezia Giulia,9
2022-07-11,Basilicata,0
2022-07-11,Aosta Valley,0
2022-07-11,Abruzzo,13
2022-07-11,Molise,0
2022-07-11,Calabria,0
2022-07-10,Tuscany,0
2022-07-10,Lombardy,48
2022-07-10,Lazio,39
2022-07-10,Umbria,0
2022-07-10,Emilia-Romagna,11
2022-07-10,Sicily,9
2022-07-10,Sardinia,0
2022-07-10,Liguria,34
2022-07-10,Campania,13
2022-07-10,Veneto,17
2022-07-10,Piedmont,0
2022-07-10,Apulia,19
2022-07-10,Marche,0
2022-07-10,Trentino-South Tyrol,0
2022-07-10,Friuli-Venezia Giulia,0
2022-07-10,Basilicata,0
2022-07-10,Aosta Valley,0
2022-07-10,Abruzzo,0
2022-07-10,Molise,0
2022-07-10,Calabria,0
2022-07-09,Tuscany,8
2022-07-09,Lombardy,40
2022-07-09,Lazio,34
2022-07-09,Umbria,0
2022-07-09,Emilia-Romagna,0
2022-07-09,Sicily,0
2022-07-09,Sardinia,2
2022-07-09,Liguria,30
2022-07-09,Campania,18
2022-07-09,Veneto,11
2022-07-09,Piedmont,0
2022-07-09,Apulia,9
2022-07-09,Marche,0
2022-07-09,Trentino-South Tyrol,0
2022-07-09,Friuli-Venezia Giulia,0
2022-07-09,Basilicata,0
2022-07-09,Aosta Valley,0
2022-07-09,Abruzzo,0
2022-07-09,Molise,0
2022-07-09,Calabria,7
2022-07-08,Tuscany,21
2022-07-08,Lombardy,102
2022-07-08,Lazio,51
2022-07-08,Umbria,0
2022-07-08,Emilia-Romagna,19
2022-07-08,Sicily,19
2022-07-08,Sardinia,0
2022-07-08,Liguria,59
2022-07-08,Campania,26
2022-07-08,Veneto,22
2022-07-08,Piedmont,14
2022-07-08,Apulia,12
2022-07-08,Marche,7
2022-07-08,Trentino-South Tyrol,0
2022-07-08,Friuli-Venezia Giulia,4
2022-07-08,Basilicata,0
2022-07-08,Aosta Valley,0
2022-07-08,Abruzzo,0
2022-07-08,Molise,0
2022-07-08,Calabria,0
2022-07-07,Tuscany,27
2022-07-07,Lombardy,133
2022-07-07,Lazio,65
2022-07-07,Umbria,0
2022-07-07,Emilia-Romagna,33
2022-07-07,Sicily,20
2022-07-07,Sardinia,0
2022-07-07,Liguria,43
2022-07-07,Campania,31
2022-07-07,Veneto,22
2022-07-07,Piedmont,26
2022-07-07,Apulia,20
2022-07-07,Marche,9
2022-07-07,Trentino-South Tyrol,0
2022-07-07,Friuli-Venezia Giulia,0
2022-07-07,Basilicata,0
2022-07-07,Aosta Valley,0
2022-07-07,Abruzzo,0
2022-07-07,Molise,0
2022-07-07,Calabria,7
2022-07-06,Tuscany,33
2022-07-06,Lombardy,153
2022-07-06,Lazio,100
2022-07-06,Umbria,0
2022-07-06,Emilia-Romagna,36
2022-07-06,Sicily,12
2022-07-06,Sardinia,9
2022-07-06,Liguria,90
2022-07-06,Campania,34
2022-07-06,Veneto,25
2022-07-06,Piedmont,24
2022-07-06,Apulia,26
2022-07-06,Marche,11
2022-07-06,Trentino-South Tyrol,0
2022-07-06,Friuli-Venezia Giulia,7
2022-07-06,Basilicata,0
2022-07-06,Aosta Valley,0
2022-07-06,Abruzzo,0
2022-07-06,Molise,0
2022-07-06,Calabria,0
2022-07-05,Tuscany,16
2022-07-05,Lombardy,158
2022-07-05,Lazio,78
2022-07-05,Umbria,0
2022-07-05,Emilia-Romagna,38
2022-07-05,Sicily,5
2022-07-05,Sardinia,15
2022-07-05,Liguria,66
2022-07-05,Campania,31
2022-07-05,Veneto,44
2022-07-05,Piedmont,17
2022-07-05,Apulia,20
2022-07-05,Marche,0
2022-07-05,Trentino-South Tyrol,0
2022-07-05,Friuli-Venezia Giulia,0
2022-07-05,Basilicata,0
2022-07-05,Aosta Valley,0
2022-07-05,Abruzzo,13
2022-07-05,Molise,0
2022-07-05,Calabria,0
2022-07-04,Tuscany,23
2022-07-04,Lombardy,155
2022-07-04,Lazio,86
2022-07-04,Umbria,7
2022-07-04,Emilia-Romagna,48
2022-07-04,Sicily,20
2022-07-04,Sardinia,0
2022-07-04,Liguria,99
2022-07-04,Campania,42
2022-07-04,Veneto,36
2022-07-04,Piedmont,26
2022-07-04,Apulia,28
2022-07-04,Marche,11
2022-07-04,Trentino-South Tyrol,0
2022-07-04,Friuli-Venezia Giulia,10
2022-07-04,Basilicata,0
2022-07-04,Aosta Valley,0
2022-07-04,Abruzzo,0
2022-07-04,Molise,0
2022-07-04,Calabria,13
2022-07-03,Tuscany,3
2022-07-03,Lombardy,71
2022-07-03,Lazio,40
2022-07-03,Umbria,0
2022-07-03,Emilia-Romagna,0
2022-07-03,Sicily,0
2022-07-03,Sardinia,0
2022-07-03,Liguria,48
2022-07-03,Campania,11
2022-07-03,Veneto,17
2022-07-03,Piedmont,0
2022-07-03,Apulia,11
2022-07-03,Marche,0
2022-07-03,Trentino-South Tyrol,0
2022-07-03,Friuli-Venezia Giulia,0
2022-07-03,Basilicata,0
2022-07-03,Aosta Valley,0
2022-07-03,Abruzzo,0
2022-07-03,Molise,0
2022-07-03,Calabria,0
2022-07-02,Tuscany,0
2022-07-02,Lombardy,29
2022-07-02,Lazio,16
2022-07-02,Umbria,0
2022-07-02,Emilia-Romagna,8
2022-07-02,Sicily,0
2022-07-02,Sardinia,0
2022-07-02,Liguria,22
2022-07-02,Campania,9
2022-07-02,Veneto,15
2022-07-02,Piedmont,6
2022-07-02,Apulia,0
2022-07-02,Marche,0
2022-07-02,Trentino-South Tyrol,0
2022-07-02,Friuli-Venezia Giulia,0
2022-07-02,Basilicata,0
2022-07-02,Aosta Valley,0
2022-07-02,Abruzzo,0
2022-07-02,Molise,0
2022-07-02,Calabria,0
2022-07-01,Tuscany,11
2022-07-01,Lombardy,56
2022-07-01,Lazio,50
2022-07-01,Umbria,0
2022-07-01,Emilia-Romagna,11
2022-07-01,Sicily,6
2022-07-01,Sardinia,9
2022-07-01,Liguria,43
2022-07-01,Campania,24
2022-07-01,Veneto,16
2022-07-01,Piedmont,14
2022-07-01,Apulia,10
2022-07-01,Marche,0
2022-07-01,Trentino-South Tyrol,0
2022-07-01,Friuli-Venezia Giulia,0
2022-07-01,Basilicata,0
2022-07-01,Aosta Valley,0
2022-07-01,Abruzzo,0
2022-07-01,Molise,0
2022-07-01,Calabria,0
2022-06-30,Tuscany,29
2022-06-30,Lombardy,93
2022-06-30,Lazio,82
2022-06-30,Umbria,0
2022-06-30,Emilia-Romagna,52
2022-06-30,Sicily,13
2022-06-30,Sardinia,0
2022-06-30,Liguria,71
2022-06-30,Campania,29
2022-06-30,Veneto,27
2022-06-30,Piedmont,25
2022-06-30,Apulia,0
2022-06-30,Marche,10
2022-06-30,Trentino-South Tyrol,0
2022-06-30,Friuli-Venezia Giulia,0
2022-06-30,Basilicata,0
2022-06-30,Aosta Valley,0
2022-06-30,Abruzzo,10
2022-06-30,Molise,0
2022-06-30,Calabria,7
2022-06-29,Tuscany,27
2022-06-29,Lombardy,107
2022-06-29,Lazio,72
2022-06-29,Umbria,0
2022-06-29,Emilia-Romagna,43
2022-06-29,Sicily,12
2022-06-29,Sardinia,10
2022-06-29,Liguria,67
2022-06-29,Campania,34
2022-06-29,Veneto,20
2022-06-29,Piedmont,11
2022-06-29,Apulia,11
2022-06-29,Marche,13
2022-06-29,Trentino-South Tyrol,0
2022-06-29,Friuli-Venezia Giulia,0
2022-06-29,Basilicata,0
2022-06-29,Aosta Valley,0
2022-06-29,Abruzzo,10
2022-06-29,Molise,0
2022-06-29,Calabria,0
2022-06-28,Tuscany,14
2022-06-28,Lombardy,120
2022-06-28,Lazio,70
2022-06-28,Umbria,0
2022-06-28,Emilia-Romagna,28
2022-06-28,Sicily,10
2022-06-28,Sardinia,7
2022-06-28,Liguria,66
2022-06-28,Campania,45
2022-06-28,Veneto,16
2022-06-28,Piedmont,40
2022-06-28,Apulia,25
2022-06-28,Marche,0
2022-06-28,Trentino-South Tyrol,0
2022-06-28,Friuli-Venezia Giulia,11
2022-06-28,Basilicata,0
2022-06-28,Aosta Valley,0
2022-06-28,Abruzzo,0
2022-06-28,Molise,0
2022-06-28,Calabria,0
2022-06-27,Tuscany,32
2022-06-27,Lombardy,109
2022-06-27,Lazio,100
2022-06-27,Umbria,0
2022-06-27,Emilia-Romagna,40
2022-06-27,Sicily,24
2022-06-27,Sardinia,0
2022-06-27,Liguria,77
2022-06-27,Campania,41
2022-06-27,Veneto,27
2022-06-27,Piedmont,25
2022-06-27,Apulia,18
2022-06-27,Marche,12
2022-06-27,Trentino-South Tyrol,0
2022-06-27,Friuli-Venezia Giulia,10
2022-06-27,Basilicata,0
2022-06-27,Aosta Valley,0
2022-06-27,Abruzzo,0
2022-06-27,Molise,0
2022-06-27,Calabria,0
2022-06-26,Tuscany,0
2022-06-26,Lombardy,85
2022-06-26,Lazio,22
2022-06-26,Umbria,0
2022-06-26,Emilia-Romagna,11
2022-06-26,Sicily,0
2022-06-26,Sardinia,7
2022-06-26,Liguria,33
2022-06-26,Campania,21
2022-06-26,Veneto,8
2022-06-26,Piedmont,12
2022-06-26,Apulia,9
2022-06-26,Marche,0
2022-06-26,Trentino-South Tyrol,0
2022-06-26,Friuli-Venezia Giulia,0
2022-06-26,Basilicata,0
2022-06-26,Aosta Valley,0
2022-06-26,Abruzzo,0
2022-06-26,Molise,0
2022-06-26,Calabria,0
2022-06-25,Tuscany,0
2022-06-25,Lombardy,30
2022-06-25,Lazio,20
2022-06-25,Umbria,0
2022-06-25,Emilia-Romagna,0
2022-06-25,Sicily,8
2022-06-25,Sardinia,0
2022-06-25,Liguria,13
2022-06-25,Campania,0
2022-06-25,Veneto,0
2022-06-25,Piedmont,11
2022-06-25,Apulia,10
2022-06-25,Marche,0
2022-06-25,Trentino-South Tyrol,4
2022-06-25,Friuli-Venezia Giulia,0
2022-06-25,Basilicata,0
2022-06-25,Aosta Valley,0
2022-06-25,Abruzzo,0
2022-06-25,Molise,0
2022-06-25,Calabria,0
2022-06-24,Tuscany,22
2022-06-24,Lombardy,70
2022-06-24,Lazio,70
2022-06-24,Umbria,0
2022-06-24,Emilia-Romagna,20
2022-06-24,Sicily,19
2022-06-24,Sardinia,0
2022-06-24,Liguria,45
2022-06-24,Campania,30
2022-06-24,Veneto,23
2022-06-24,Piedmont,15
2022-06-24,Apulia,0
2022-06-24,Marche,6
2022-06-24,Trentino-South Tyrol,9
2022-06-24,Friuli-Venezia Giulia,0
2022-06-24,Basilicata,0
2022-06-24,Aosta Valley,0
2022-06-24,Abruzzo,0
2022-06-24,Molise,0
2022-06-24,Calabria,0
2022-06-23,Tuscany,27
2022-06-23,Lombardy,118
2022-06-23,Lazio,63
2022-06-23,Umbria,0
2022-06-23,Emilia-Romagna,26
2022-06-23,Sicily,17
2022-06-23,Sardinia,0
2022-06-23,Liguria,70
2022-06-23,Campania,40
2022-06-23,Veneto,23
2022-06-23,Piedmont,13
2022-06-23,Apulia,19
2022-06-23,Marche,12
2022-06-23,Trentino-South Tyrol,0
2022-06-23,Friuli-Venezia Giulia,0
2022-06-23,Basilicata,0
2022-06-23,Aosta Valley,0
2022-06-23,Abruzzo,0
2022-06-23,Molise,0
2022-06-23,Calabria,0
2022-06-22,Tuscany,33
2022-06-22,Lombardy,112
2022-06-22,Lazio,77
2022-06-22,Umbria,0
2022-06-22,Emilia-Romagna,29
2022-06-22,Sicily,18
2022-06-22,Sardinia,0
2022-06-22,Liguria,85
2022-06-22,Campania,39
2022-06-22,Veneto,36
2022-06-22,Piedmont,23
2022-06-22,Apulia,11
2022-06-22,Marche,0
2022-06-22,Trentino-South Tyrol,9
2022-06-22,Friuli-Venezia Giulia,0
2022-06-22,Basilicata,0
2022-06-22,Aosta Valley,0
2022-06-22,Abruzzo,19
2022-06-22,Molise,0
2022-06-22,Calabria,0
2022-06-21,Tuscany,32
2022-06-21,Lombardy,117
2022-06-21,Lazio,77
2022-06-21,Umbria,0
2022-06-21,Emilia-Romagna,34
2022-06-21,Sicily,7
2022-06-21,Sardinia,0
2022-06-21,Liguria,70
2022-06-21,Campania,35
2022-06-21,Veneto,30
2022-06-21,Piedmont,24
2022-06-21,Apulia,18
2022-06-21,Marche,14
2022-06-21,Trentino-South Tyrol,0
2022-06-21,Friuli-Venezia Giulia,4
2022-06-21,Basilicata,0
2022-06-21,Aosta Valley,0
2022-06-21,Abruzzo,0
2022-06-21,Molise,0
2022-06-21,Calabria,6
2022-06-20,Tuscany,22
2022-06-20,Lombardy,165
2022-06-20,Lazio,118
2022-06-20,Umbria,0
2022-06-20,Emilia-Romagna,56
2022-06-20,Sicily,18
2022-06-20,Sardinia,6
2022-06-20,Liguria,90
2022-06-20,Campania,44
2022-06-20,Veneto,41
2022-06-20,Piedmont,35
2022-06-20,Apulia,17
2022-06-20,Marche,12
2022-06-20,Trentino-South Tyrol,0
2022-06-20,Friuli-Venezia Giulia,6
2022-06-20,Basilicata,0
2022-06-20,Aosta Valley,0
2022-06-20,Abruzzo,18
2022-06-20,Molise,0
2022-06-20,Calabria,0
2022-06-19,Tuscany,11
2022-06-19,Lombardy,66
2022-06-19,Lazio,31
2022-06-19,Umbria,0
2022-06-19,Emilia-Romagna,16
2022-06-19,Sicily,8
2022-06-19,Sardinia,7
2022-06-19,Liguria,38
2022-06-19,Campania,13
2022-06-19,Veneto,25
2022-06-19,Piedmont,0
2022-06-19,Apulia,23
2022-06-19,Marche,0
2022-06-19,Trentino-South Tyrol,0
2022-06-19,Friuli-Venezia Giulia,0
2022-06-19,Basilicata,0
2022-06-19,Aosta Valley,0
2022-06-19,Abruzzo,0
2022-06-19,Molise,0
2022-06-19,Calabria,0
2022-06-18,Tuscany,0
2022-06-18,Lombardy,30
2022-06-18,Lazio,35
2022-06-18,Umbria,0
2022-06-18,Emilia-Romagna,12
2022-06-18,Sicily,8
2022-06-18,Sardinia,4
2022-06-18,Liguria,34
2022-06-18,Campania,11
2022-06-18,Veneto,22
2022-06-18,Piedmont,5
2022-06-18,Apulia,9
2022-06-18,Marche,0
2022-06-18,Trentino-South Tyrol,0
2022-06-18,Friuli-Venezia Giulia,0
2022-06-18,Basilicata,0
2022-06-18,Aosta Valley,0
2022-06-18,Abruzzo,0
2022-06-18,Molise,0
2022-06-18,Calabria,0
2022-06-17,Tuscany,19
2022-06-17,Lombardy,77
2022-06-17,Lazio,36
2022-06-17,Umbria,0
2022-06-17,Emilia-Romagna,29
2022-06-17,Sicily,13
2022-06-17,Sardinia,4
2022-06-17,Liguria,49
2022-06-17,Campania,19
2022-06-17,Veneto,21
2022-06-17,Piedmont,17
2022-06-17,Apulia,10
2022-06-17,Marche,0
2022-06-17,Trentino-South Tyrol,0
2022-06-17,Friuli-Venezia Giulia,7
2022-06-17,Basilicata,0
2022-06-17,Aosta Valley,0
2022-06-17,Abruzzo,0
2022-06-17,Molise,0
2022-06-17,Calabria,0
2022-06-16,Tuscany,27
2022-06-16,Lombardy,147
2022-06-16,Lazio,58
2022-06-16,Umbria,0
2022-06-16,Emilia-Romagna,25
2022-06-16,Sicily,26
2022-06-16,Sardinia,5
2022-06-16,Liguria,80
2022-06-16,Campania,37
2022-06-16,Veneto,21
2022-06-16,Piedmont,22
2022-06-16,Apulia,26
2022-06-16,Marche,0
2022-06-16,Trentino-South Tyrol,0
2022-06-16,Friuli-Venezia Giulia,0
2022-06-16,Basilicata,0
2022-06-16,Aosta Valley,0
2022-06-16,Abruzzo,0
2022-06-16,Molise,0
2022-06-16,Calabria,0
2022-06-15,Tuscany,24
2022-06-15,Lombardy,124
2022-06-15,Lazio,89
2022-06-15,Umbria,0
2022-06-15,Emilia-Romagna,44
2022-06-15,Sicily,27
2022-06-15,Sardinia,8
2022-06-15,Liguria,57
2022-06-15,Campania,37
2022-06-15,Veneto,25
2022-06-15,Piedmont,36
2022-06-15,Apulia,17
2022-06-15,Marche,24
2022-06-15,Trentino-South Tyrol,0
2022-06-15,Friuli-Venezia Giulia,0
2022-06-15,Basilicata,0
2022-06-15,Aosta Valley,0
2022-06-15,Abruzzo,9
2022-06-15,Molise,0
2022-06-15,Calabria,0
2022-06-14,Tuscany,26
2022-06-14,Lombardy,154
2022-06-14,Lazio,76
2022-06-14,Umbria,0
2022-06-14,Emilia-Romagna,42
2022-06-14,Sicily,27
2022-06-14,Sardinia,8
2022-06-14,Liguria,81
2022-06-14,Campania,33
2022-06-14,Veneto,42
2022-06-14,Piedmont,32
2022-06-14,Apulia,23
2022-06-14,Marche,21
2022-06-14,Trentino-South Tyrol,10
2022-06-14,Friuli-Venezia Giulia,3
2022-06-14,Basilicata,0
2022-06-14,Aosta Valley,0
2022-06-14,Abruzzo,12
2022-06-14,Molise,0
2022-06-14,Calabria,0
2022-06-13,Tuscany,20
2022-06-13,Lombardy,123
2022-06-13,Lazio,114
2022-06-13,Umbria,0
2022-06-13,Emilia-Romagna,59
2022-06-13,Sicily,22
2022-06-13,Sardinia,8
2022-06-13,Liguria,83
2022-06-13,Campania,32
2022-06-13,Veneto,36
2022-06-13,Piedmont,31
2022-06-13,Apulia,11
2022-06-13,Marche,0
2022-06-13,Trentino-South Tyrol,0
2022-06-13,Friuli-Venezia Giulia,0
2022-06-13,Basilicata,0
2022-06-13,Aosta Valley,0
2022-06-13,Abruzzo,0
2022-06-13,Molise,0
2022-06-13,Calabria,0
2022-06-12,Tuscany,7
2022-06-12,Lombardy,61
2022-06-12,Lazio,22
2022-06-12,Umbria,0
2022-06-12,Emilia-Romagna,10
2022-06-12,Sicily,10
2022-06-12,Sardinia,0
2022-06-12,Liguria,25
2022-06-12,Campania,12
2022-06-12,Veneto,12
2022-06-12,Piedmont,15
2022-06-12,Apulia,0
2022-06-12,Marche,9
2022-06-12,Trentino-South Tyrol,0
2022-06-12,Friuli-Venezia Giulia,0
2022-06-12,Basilicata,0
2022-06-12,Aosta Valley,0
2022-06-12,Abruzzo,0
2022-06-12,Molise,0
2022-06-12,Calabria,0
2022-06-11,Tuscany,8
2022-06-11,Lombardy,37
2022-06-11,Lazio,39
2022-06-11,Umbria,0
2022-06-11,Emilia-Romagna,0
2022-06-11,Sicily,5
2022-06-11,Sardinia,0
2022-06-11,Liguria,25
2022-06-11,Campania,6
2022-06-11,Veneto,10
2022-06-11,Piedmont,8
2022-06-11,Apulia,8
2022-06-11,Marche,7
2022-06-11,Trentino-South Tyrol,0
2022-06-11,Friuli-Venezia Giulia,0
2022-06-11,Basilicata,0
2022-06-11,Aosta Valley,0
2022-06-11,Abruzzo,0
2022-06-11,Molise,0
2022-06-11,Calabria,0
2022-06-10,Tuscany,26
2022-06-10,Lombardy,81
2022-06-10,Lazio,41
2022-06-10,Umbria,0
2022-06-10,Emilia-Romagna,24
2022-06-10,Sicily,13
2022-06-10,Sardinia,0
2022-06-10,Liguria,35
2022-06-10,Campania,16
2022-06-10,Veneto,24
2022-06-10,Piedmont,6
2022-06-10,Apulia,11
2022-06-10,Marche,0
2022-06-10,Trentino-South Tyrol,0
2022-06-10,Friuli-Venezia Giulia,0
2022-06-10,Basilicata,0
2022-06-10,Aosta Valley,0
2022-06-10,Abruzzo,0
2022-06-10,Molise,0
2022-06-10,Calabria,0
2022-06-09,Tuscany,30
2022-06-09,Lombardy,113
2022-06-09,Lazio,51
2022-06-09,Umbria,0
2022-06-09,Emilia-Romagna,37
2022-06-09,Sicily,21
2022-06-09,Sardinia,11
2022-06-09,Liguria,56
2022-06-09,Campania,16
2022-06-09,Veneto,30
2022-06-09,Piedmont,11
2022-06-09,Apulia,15
2022-06-09,Marche,17
2022-06-09,Trentino-South Tyrol,0
2022-06-09,Friuli-Venezia Giulia,0
2022-06-09,Basilicata,0
2022-06-09,Aosta Valley,0
2022-06-09,Abruzzo,0
2022-06-09,Molise,0
2022-06-09,Calabria,0
2022-06-08,Tuscany,30
2022-06-08,Lombardy,140
2022-06-08,Lazio,84
2022-06-08,Umbria,0
2022-06-08,Emilia-Romagna,43
2022-06-08,Sicily,19
2022-06-08,Sardinia,0
2022-06-08,Liguria,55
2022-06-08,Campania,51
2022-06-08,Veneto,37
2022-06-08,Piedmont,23
2022-06-08,Apulia,27
2022-06-08,Marche,9
2022-06-08,Trentino-South Tyrol,0
2022-06-08,Friuli-Venezia Giulia,0
2022-06-08,Basilicata,0
2022-06-08,Aosta Valley,0
2022-06-08,Abruzzo,0
2022-06-08,Molise,0
2022-06-08,Calabria,0
2022-06-07,Tuscany,26
2022-06-07,Lombardy,161
2022-06-07,Lazio,87
2022-06-07,Umbria,0
2022-06-07,Emilia-Romagna,41
2022-06-07,Sicily,25
2022-06-07,Sardinia,10
2022-06-07,Liguria,64
2022-06-07,Campania,30
2022-06-07,Veneto,46
2022-06-07,Piedmont,32
2022-06-07,Apulia,26
2022-06-07,Marche,29
2022-06-07,Trentino-South Tyrol,0
2022-06-07,Friuli-Venezia Giulia,0
2022-06-07,Basilicata,0
2022-06-07,Aosta Valley,0
2022-06-07,Abruzzo,0
2022-06-07,Molise,0
2022-06-07,Calabria,0
2022-06-06,Tuscany,37
2022-06-06,Lombardy,180
2022-06-06,Lazio,108
2022-06-06,Umbria,5
2022-06-06,Emilia-Romagna,42
2022-06-06,Sicily,25
2022-06-06,Sardinia,0
2022-06-06,Liguria,78
2022-06-06,Campania,41
2022-06-06,Veneto,41
2022-06-06,Piedmont,27
2022-06-06,Apulia,27
2022-06-06,Marche,26
2022-06-06,Trentino-South Tyrol,0
2022-06-06,Friuli-Venezia Giulia,0
2022-06-06,Basilicata,0
2022-06-06,Aosta Valley,0
2022-06-06,Abruzzo,10
2022-06-06,Molise,0
2022-06-06,Calabria,7
2022-06-05,Tuscany,11
2022-06-05,Lombardy,83
2022-06-05,Lazio,35
2022-06-05,Umbria,0
2022-06-05,Emilia-Romagna,10
2022-06-05,Sicily,19
2022-06-05,Sardinia,0
2022-06-05,Liguria,20
2022-06-05,Campania,24
2022-06-05,Veneto,9
2022-06-05,Piedmont,0
2022-06-05,Apulia,0
2022-06-05,Marche,7
2022-06-05,Trentino-South Tyrol,0
2022-06-05,Friuli-Venezia Giulia,3
2022-06-05,Basilicata,0
2022-06-05,Aosta Valley,0
2022-06-05,Abruzzo,0
2022-06-05,Molise,0
2022-06-05,Calabria,0
2022-06-04,Tuscany,0
2022-06-04,Lombardy,55
2022-06-04,Lazio,24
2022-06-04,Umbria,0
2022-06-04,Emilia-Romagna,12
2022-06-04,Sicily,7
2022-06-04,Sardinia,11
2022-06-04,Liguria,20
2022-06-04,Campania,11
2022-06-04,Veneto,10
2022-06-04,Piedmont,8
2022-06-04,Apulia,0
2022-06-04,Marche,0
2022-06-04,Trentino-South Tyrol,0
2022-06-04,Friuli-Venezia Giulia,0
2022-06-04,Basilicata,0
2022-06-04,Aosta Valley,0
2022-06-04,Abruzzo,0
2022-06-04,Molise,0
2022-06-04,Calabria,0
2022-06-03,Tuscany,34
2022-06-03,Lombardy,92
2022-06-03,Lazio,68
2022-06-03,Umbria,0
2022-06-03,Emilia-Romagna,26
2022-06-03,Sicily,18
2022-06-03,Sardinia,6
2022-06-03,Liguria,20
2022-06-03,Campania,35
2022-06-03,Veneto,21
2022-06-03,Piedmont,16
2022-06-03,Apulia,21
2022-06-03,Marche,0
2022-06-03,Trentino-South Tyrol,0
2022-06-03,Friuli-Venezia Giulia,0
2022-06-03,Basilicata,0
2022-06-03,Aosta Valley,0
2022-06-03,Abruzzo,0
2022-06-03,Molise,0
2022-06-03,Calabria,0
2022-06-02,Tuscany,0
2022-06-02,Lombardy,67
2022-06-02,Lazio,31
2022-06-02,Umbria,0
2022-06-02,Emilia-Romagna,0
2022-06-02,Sicily,7
2022-06-02,Sardinia,0
2022-06-02,Liguria,33
2022-06-02,Campania,16
2022-06-02,Veneto,14
2022-06-02,Piedmont,17
2022-06-02,Apulia,16
2022-06-02,Marche,0
2022-06-02,Trentino-South Tyrol,0
2022-06-02,Friuli-Venezia Giulia,0
2022-06-02,Basilicata,0
2022-06-02,Aosta Valley,0
2022-06-02,Abruzzo,0
2022-06-02,Molise,0
2022-06-02,Calabria,0
2022-06-01,Tuscany,18
2022-06-01,Lombardy,137
2022-06-01,Lazio,68
2022-06-01,Umbria,0
2022-06-01,Emilia-Romagna,29
2022-06-01,Sicily,12
2022-06-01,Sardinia,15
2022-06-01,Liguria,24
2022-06-01,Campania,37
2022-06-01,Veneto,21
2022-06-01,Piedmont,30
2022-06-01,Apulia,22
2022-06-01,Marche,0
2022-06-01,Trentino-South Tyrol,0
2022-06-01,Friuli-Venezia Giulia,0
2022-06-01,Basilicata,0
2022-06-01,Aosta Valley,0
2022-06-01,Abruzzo,0
2022-06-01,Molise,0
2022-06-01,Calabria,0
2022-05-31,Tuscany,28
2022-05-31,Lombardy,188
2022-05-31,Lazio,101
2022-05-31,Umbria,0
2022-05-31,Emilia-Romagna,54
2022-05-31,Sicily,33
2022-05-31,Sardinia,0
2022-05-31,Liguria,43
2022-05-31,Campania,61
2022-05-31,Veneto,22
2022-05-31,Piedmont,23
2022-05-31,Apulia,23
2022-05-31,Marche,15
2022-05-31,Trentino-South Tyrol,7
2022-05-31,Friuli-Venezia Giulia,0
2022-05-31,Basilicata,0
2022-05-31,Aosta Valley,0
2022-05-31,Abruzzo,12
2022-05-31,Molise,0
2022-05-31,Calabria,0
2022-05-30,Tuscany,32
2022-05-30,Lombardy,167
2022-05-30,Lazio,108
2022-05-30,Umbria,0
2022-05-30,Emilia-Romagna,39
2022-05-30,Sicily,24
2022-05-30,Sardinia,11
2022-05-30,Liguria,60
2022-05-30,Campania,57
2022-05-30,Veneto,24
2022-05-30,Piedmont,31
2022-05-30,Apulia,35
2022-05-30,Marche,27
2022-05-30,Trentino-South Tyrol,0
2022-05-30,Friuli-Venezia Giulia,10
2022-05-30,Basilicata,0
2022-05-30,Aosta Valley,0
2022-05-30,Abruzzo,8
2022-05-30,Molise,0
2022-05-30,Calabria,9
2022-05-29,Tuscany,19
2022-05-29,Lombardy,88
2022-05-29,Lazio,36
2022-05-29,Umbria,0
2022-05-29,Emilia-Romagna,13
2022-05-29,Sicily,0
2022-05-29,Sardinia,18
2022-05-29,Liguria,27
2022-05-29,Campania,18
2022-05-29,Veneto,16
2022-05-29,Piedmont,13
2022-05-29,Apulia,24
2022-05-29,Marche,5
2022-05-29,Trentino-South Tyrol,0
2022-05-29,Friuli-Venezia Giulia,0
2022-05-29,Basilicata,0
2022-05-29,Aosta Valley,0
2022-05-29,Abruzzo,0
2022-05-29,Molise,0
2022-05-29,Calabria,0
2022-05-28,Tuscany,7
2022-05-28,Lombardy,61
2022-05-28,Lazio,21
2022-05-28,Umbria,0
2022-05-28,Emilia-Romagna,14
2022-05-28,Sicily,11
2022-05-28,Sardinia,9
2022-05-28,Liguria,17
2022-05-28,Campania,12
2022-05-28,Veneto,0
2022-05-28,Piedmont,0
2022-05-28,Apulia,12
2022-05-28,Marche,0
2022-05-28,Trentino-South Tyrol,0
2022-05-28,Friuli-Venezia Giulia,0
2022-05-28,Basilicata,0
2022-05-28,Aosta Valley,0
2022-05-28,Abruzzo,0
2022-05-28,Molise,0
2022-05-28,Calabria,0
2022-05-27,Tuscany,20
2022-05-27,Lombardy,85
2022-05-27,Lazio,65
2022-05-27,Umbria,0
2022-05-27,Emilia-Romagna,35
2022-05-27,Sicily,11
2022-05-27,Sardinia,0
2022-05-27,Liguria,15
2022-05-27,Campania,20
2022-05-27,Veneto,23
2022-05-27,Piedmont,17
2022-05-27,Apulia,0
2022-05-27,Marche,0
2022-05-27,Trentino-South Tyrol,0
2022-05-27,Friuli-Venezia Giulia,0
2022-05-27,Basilicata,0
2022-05-27,Aosta Valley,0
2022-05-27,Abruzzo,0
2022-05-27,Molise,0
2022-05-27,Calabria,0
2022-05-26,Tuscany,29
2022-05-26,Lombardy,129
2022-05-26,Lazio,85
2022-05-26,Umbria,0
2022-05-26,Emilia-Romagna,62
2022-05-26,Sicily,17
2022-05-26,Sardinia,8
2022-05-26,Liguria,30
2022-05-26,Campania,37
2022-05-26,Veneto,31
2022-05-26,Piedmont,24
2022-05-26,Apulia,34
2022-05-26,Marche,12
2022-05-26,Trentino-South Tyrol,0
2022-05-26,Friuli-Venezia Giulia,13
2022-05-26,Basilicata,0
2022-05-26,Aosta Valley,0
2022-05-26,Abruzzo,0
2022-05-26,Molise,0
2022-05-26,Calabria,0
2022-05-25,Tuscany,31
2022-05-25,Lombardy,164
2022-05-25,Lazio,112
2022-05-25,Umbria,0
2022-05-25,Emilia-Romagna,38
2022-05-25,Sicily,15
2022-05-25,Sardinia,11
2022-05-25,Liguria,35
2022-05-25,Campania,37
2022-05-25,Veneto,23
2022-05-25,Piedmont,34
2022-05-25,Apulia,27
2022-05-25,Marche,25
2022-05-25,Trentino-South Tyrol,0
2022-05-25,Friuli-Venezia Giulia,15
2022-05-25,Basilicata,0
2022-05-25,Aosta Valley,0
2022-05-25,Abruzzo,16
2022-05-25,Molise,0
2022-05-25,Calabria,10
2022-05-24,Tuscany,24
2022-05-24,Lombardy,182
2022-05-24,Lazio,107
2022-05-24,Umbria,5
2022-05-24,Emilia-Romagna,41
2022-05-24,Sicily,15
2022-05-24,Sardinia,11
2022-05-24,Liguria,31
2022-05-24,Campania,58
2022-05-24,Veneto,39
2022-05-24,Piedmont,21
2022-05-24,Apulia,39
2022-05-24,Marche,23
2022-05-24,Trentino-South Tyrol,7
2022-05-24,Friuli-Venezia Giulia,0
2022-05-24,Basilicata,0
2022-05-24,Aosta Valley,0
2022-05-24,Abruzzo,0
2022-05-24,Molise,0
2022-05-24,Calabria,0
2022-05-23,Tuscany,34
2022-05-23,Lombardy,197
2022-05-23,Lazio,142
2022-05-23,Umbria,0
2022-05-23,Emilia-Romagna,60
2022-05-23,Sicily,25
2022-05-23,Sardinia,6
2022-05-23,Liguria,34
2022-05-23,Campania,40
2022-05-23,Veneto,36
2022-05-23,Piedmont,27
2022-05-23,Apulia,25
2022-05-23,Marche,21
2022-05-23,Trentino-South Tyrol,0
2022-05-23,Friuli-Venezia Giulia,10
2022-05-23,Basilicata,0
2022-05-23,Aosta Valley,0
2022-05-23,Abruzzo,0
2022-05-23,Molise,0
2022-05-23,Calabria,7
2022-05-22,Tuscany,11
2022-05-22,Lombardy,58
2022-05-22,Lazio,47
2022-05-22,Umbria,0
2022-05-22,Emilia-Romagna,15
2022-05-22,Sicily,8
2022-05-22,Sardinia,12
2022-05-22,Liguria,12
2022-05-22,Campania,27
2022-05-22,Veneto,9
2022-05-22,Piedmont,7
2022-05-22,Apulia,12
2022-05-22,Marche,0
2022-05-22,Trentino-South Tyrol,0
2022-05-22,Friuli-Venezia Giulia,0
2022-05-22,Basilicata,0
2022-05-22,Aosta Valley,0
2022-05-22,Abruzzo,12
2022-05-22,Molise,0
2022-05-22,Calabria,0
2022-05-21,Tuscany,0
2022-05-21,Lombardy,31
2022-05-21,Lazio,37
2022-05-21,Umbria,0
2022-05-21,Emilia-Romagna,14
2022-05-21,Sicily,0
2022-05-21,Sardinia,0
2022-05-21,Liguria,0
2022-05-21,Campania,12
2022-05-21,Veneto,0
2022-05-21,Piedmont,12
2022-05-21,Apulia,16
2022-05-21,Marche,0
2022-05-21,Trentino-South Tyrol,0
2022-05-21,Friuli-Venezia Giulia,0
2022-05-21,Basilicata,0
2022-05-21,Aosta Valley,0
2022-05-21,Abruzzo,0
2022-05-21,Molise,0
2022-05-21,Calabria,0
2022-05-20,Tuscany,16
2022-05-20,Lombardy,88
2022-05-20,Lazio,54
2022-05-20,Umbria,0
2022-05-20,Emilia-Romagna,43
2022-05-20,Sicily,13
2022-05-20,Sardinia,7
2022-05-20,Liguria,13
2022-05-20,Campania,30
2022-05-20,Veneto,20
2022-05-20,Piedmont,16
2022-05-20,Apulia,18
2022-05-20,Marche,0
2022-05-20,Trentino-South Tyrol,0
2022-05-20,Friuli-Venezia Giulia,0
2022-05-20,Basilicata,0
2022-05-20,Aosta Valley,0
2022-05-20,Abruzzo,0
2022-05-20,Molise,0
2022-05-20,Calabria,0
2022-05-19,Tuscany,30
2022-05-19,Lombardy,126
2022-05-19,Lazio,90
2022-05-19,Umbria,0
2022-05-19,Emilia-Romagna,52
2022-05-19,Sicily,27
2022-05-19,Sardinia,6
2022-05-19,Liguria,24
2022-05-19,Campania,27
2022-05-19,Veneto,23
2022-05-19,Piedmont,25
2022-05-19,Apulia,27
2022-05-19,Marche,26
2022-05-19,Trentino-South Tyrol,0
2022-05-19,Friuli-Venezia Giulia,4
2022-05-19,Basilicata,0
2022-05-19,Aosta Valley,0
2022-05-19,Abruzzo,0
2022-05-19,Molise,0
2022-05-19,Calabria,0
2022-05-18,Tuscany,27
2022-05-18,Lombardy,157
2022-05-18,Lazio,97
2022-05-18,Umbria,7
2022-05-18,Emilia-Romagna,56
2022-05-18,Sicily,33
2022-05-18,Sardinia,9
2022-05-18,Liguria,13
2022-05-18,Campania,35
2022-05-18,Veneto,44
2022-05-18,Piedmont,32
2022-05-18,Apulia,26
2022-05-18,Marche,39
2022-05-18,Trentino-South Tyrol,8
2022-05-18,Friuli-Venezia Giulia,0
2022-05-18,Basilicata,0
2022-05-18,Aosta Valley,0
2022-05-18,Abruzzo,9
2022-05-18,Molise,0
2022-05-18,Calabria,6
2022-05-17,Tuscany,32
2022-05-17,Lombardy,165
2022-05-17,Lazio,102
2022-05-17,Umbria,0
2022-05-17,Emilia-Romagna,38
2022-05-17,Sicily,40
2022-05-17,Sardinia,9
2022-05-17,Liguria,39
2022-05-17,Campania,31
2022-05-17,Veneto,36
2022-05-17,Piedmont,34
2022-05-17,Apulia,34
2022-05-17,Marche,16
2022-05-17,Trentino-South Tyrol,13
2022-05-17,Friuli-Venezia Giulia,0
2022-05-17,Basilicata,0
2022-05-17,Aosta Valley,0
2022-05-17,Abruzzo,9
2022-05-17,Molise,0
2022-05-17,Calabria,11
2022-05-16,Tuscany,71
2022-05-16,Lombardy,202
2022-05-16,Lazio,130
2022-05-16,Umbria,0
2022-05-16,Emilia-Romagna,54
2022-05-16,Sicily,29
2022-05-16,Sardinia,16
2022-05-16,Liguria,23
2022-05-16,Campania,45
2022-05-16,Veneto,52
2022-05-16,Piedmont,32
2022-05-16,Apulia,43
2022-05-16,Marche,18
2022-05-16,Trentino-South Tyrol,9
2022-05-16,Friuli-Venezia Giulia,0
2022-05-16,Basilicata,0
2022-05-16,Aosta Valley,0
2022-05-16,Abruzzo,0
2022-05-16,Molise,0
2022-05-16,Calabria,0
2022-05-15,Tuscany,0
2022-05-15,Lombardy,73
2022-05-15,Lazio,48
2022-05-15,Umbria,0
2022-05-15,Emilia-Romagna,12
2022-05-15,Sicily,10
2022-05-15,Sardinia,0
2022-05-15,Liguria,11
2022-05-15,Campania,18
2022-05-15,Veneto,19
2022-05-15,Piedmont,13
2022-05-15,Apulia,0
2022-05-15,Marche,5
2022-05-15,Trentino-South Tyrol,9
2022-05-15,Friuli-Venezia Giulia,0
2022-05-15,Basilicata,0
2022-05-15,Aosta Valley,0
2022-05-15,Abruzzo,0
2022-05-15,Molise,0
2022-05-15,Calabria,0
2022-05-14,Tuscany,0
2022-05-14,Lombardy,38
2022-05-14,Lazio,26
2022-05-14,Umbria,0
2022-05-14,Emilia-Romagna,15
2022-05-14,Sicily,0
2022-05-14,Sardinia,0
2022-05-14,Liguria,0
2022-05-14,Campania,10
2022-05-14,Veneto,0
2022-05-14,Piedmont,10
2022-05-14,Apulia,9
2022-05-14,Marche,16
2022-05-14,Trentino-South Tyrol,0
2022-05-14,Friuli-Venezia Giulia,0
2022-05-14,Basilicata,0
2022-05-14,Aosta Valley,0
2022-05-14,Abruzzo,0
2022-05-14,Molise,0
2022-05-14,Calabria,0
2022-05-13,Tuscany,16
2022-05-13,Lombardy,80
2022-05-13,Lazio,75
2022-05-13,Umbria,0
2022-05-13,Emilia-Romagna,32
2022-05-13,Sicily,12
2022-05-13,Sardinia,7
2022-05-13,Liguria,0
2022-05-13,Campania,38
2022-05-13,Veneto,12
2022-05-13,Piedmont,14
2022-05-13,Apulia,13
2022-05-13,Marche,13
2022-05-13,Trentino-South Tyrol,0
2022-05-13,Friuli-Venezia Giulia,0
2022-05-13,Basilicata,0
2022-05-13,Aosta Valley,0
2022-05-13,Abruzzo,0
2022-05-13,Molise,0
2022-05-13,Calabria,0
2022-05-12,Tuscany,22
2022-05-12,Lombardy,153
2022-05-12,Lazio,87
2022-05-12,Umbria,0
2022-05-12,Emilia-Romagna,28
2022-05-12,Sicily,16
2022-05-12,Sardinia,12
2022-05-12,Liguria,25
2022-05-12,Campania,31
2022-05-12,Veneto,29
2022-05-12,Piedmont,28
2022-05-12,Apulia,20
2022-05-12,Marche,13
2022-05-12,Trentino-South Tyrol,0
2022-05-12,Friuli-Venezia Giulia,0
2022-05-12,Basilicata,0
2022-05-12,Aosta Valley,0
2022-05-12,Abruzzo,0
2022-05-12,Molise,0
2022-05-12,Calabria,12
2022-05-11,Tuscany,27
2022-05-11,Lombardy,167
2022-05-11,Lazio,78
2022-05-11,Umbria,0
2022-05-11,Emilia-Romagna,44
2022-05-11,Sicily,22
2022-05-11,Sardinia,7
2022-05-11,Liguria,16
2022-05-11,Campania,47
2022-05-11,Veneto,41
2022-05-11,Piedmont,15
2022-05-11,Apulia,14
2022-05-11,Marche,0
2022-05-11,Trentino-South Tyrol,0
2022-05-11,Friuli-Venezia Giulia,0
2022-05-11,Basilicata,0
2022-05-11,Aosta Valley,0
2022-05-11,Abruzzo,0
2022-05-11,Molise,0
2022-05-11,Calabria,10
2022-05-10,Tuscany,28
2022-05-10,Lombardy,142
2022-05-10,Lazio,129
2022-05-10,Umbria,0
2022-05-10,Emilia-Romagna,36
2022-05-10,Sicily,23
2022-05-10,Sardinia,11
2022-05-10,Liguria,33
2022-05-10,Campania,44
2022-05-10,Veneto,28
2022-05-10,Piedmont,24
2022-05-10,Apulia,38
2022-05-10,Marche,16
2022-05-10,Trentino-South Tyrol,2
2022-05-10,Friuli-Venezia Giulia,0
2022-05-10,Basilicata,0
2022-05-10,Aosta Valley,0
2022-05-10,Abruzzo,10
2022-05-10,Molise,0
2022-05-10,Calabria,0
2022-05-09,Tuscany,34
2022-05-09,Lombardy,180
2022-05-09,Lazio,129
2022-05-09,Umbria,0
2022-05-09,Emilia-Romagna,47
2022-05-09,Sicily,35
2022-05-09,Sardinia,13
2022-05-09,Liguria,13
2022-05-09,Campania,56
2022-05-09,Veneto,37
2022-05-09,Piedmont,36
2022-05-09,Apulia,28
2022-05-09,Marche,18
2022-05-09,Trentino-South Tyrol,0
2022-05-09,Friuli-Venezia Giulia,0
2022-05-09,Basilicata,0
2022-05-09,Aosta Valley,0
2022-05-09,Abruzzo,9
2022-05-09,Molise,0
2022-05-09,Calabria,18
2022-05-08,Tuscany,11
2022-05-08,Lombardy,75
2022-05-08,Lazio,52
2022-05-08,Umbria,0
2022-05-08,Emilia-Romagna,17
2022-05-08,Sicily,15
2022-05-08,Sardinia,0
2022-05-08,Liguria,0
2022-05-08,Campania,23
2022-05-08,Veneto,12
2022-05-08,Piedmont,20
2022-05-08,Apulia,14
2022-05-08,Marche,11
2022-05-08,Trentino-South Tyrol,4
2022-05-08,Friuli-Venezia Giulia,0
2022-05-08,Basilicata,0
2022-05-08,Aosta Valley,0
2022-05-08,Abruzzo,0
2022-05-08,Molise,0
2022-05-08,Calabria,0
2022-05-07,Tuscany,12
2022-05-07,Lombardy,50
2022-05-07,Lazio,27
2022-05-07,Umbria,0
2022-05-07,Emilia-Romagna,18
2022-05-07,Sicily,0
2022-05-07,Sardinia,0
2022-05-07,Liguria,7
2022-05-07,Campania,18
2022-05-07,Veneto,0
2022-05-07,Piedmont,11
2022-05-07,Apulia,0
2022-05-07,Marche,7
2022-05-07,Trentino-South Tyrol,0
2022-05-07,Friuli-Venezia Giulia,0
2022-05-07,Basilicata,0
2022-05-07,Aosta Valley,0
2022-05-07,Abruzzo,0
2022-05-07,Molise,0
2022-05-07,Calabria,0
2022-05-06,Tuscany,21
2022-05-06,Lombardy,87
2022-05-06,Lazio,77
2022-05-06,Umbria,0
2022-05-06,Emilia-Romagna,48
2022-05-06,Sicily,15
2022-05-06,Sardinia,0
2022-05-06,Liguria,13
2022-05-06,Campania,26
2022-05-06,Veneto,21
2022-05-06,Piedmont,19
2022-05-06,Apulia,14
2022-05-06,Marche,11
2022-05-06,Trentino-South Tyrol,0
2022-05-06,Friuli-Venezia Giulia,0
2022-05-06,Basilicata,0
2022-05-06,Aosta Valley,0
2022-05-06,Abruzzo,0
2022-05-06,Molise,0
2022-05-06,Calabria,0
2022-05-05,Tuscany,27
2022-05-05,Lombardy,120
2022-05-05,Lazio,96
2022-05-05,Umbria,0
2022-05-05,Emilia-Romagna,37
2022-05-05,Sicily,29
2022-05-05,Sardinia,10
2022-05-05,Liguria,12
2022-05-05,Campania,37
2022-05-05,Veneto,21
2022-05-05,Piedmont,35
2022-05-05,Apulia,27
2022-05-05,Marche,24
2022-05-05,Trentino-South Tyrol,3
2022-05-05,Friuli-Venezia Giulia,0
2022-05-05,Basilicata,0
2022-05-05,Aosta Valley,0
2022-05-05,Abruzzo,16
2022-05-05,Molise,0
2022-05-05,Calabria,0
2022-05-04,Tuscany,37
2022-05-04,Lombardy,164
2022-05-04,Lazio,117
2022-05-04,Umbria,0
2022-05-04,Emilia-Romagna,34
2022-05-04,Sicily,27
2022-05-04,Sardinia,0
2022-05-04,Liguria,18
2022-05-04,Campania,46
2022-05-04,Veneto,47
2022-05-04,Piedmont,26
2022-05-04,Apulia,35
2022-05-04,Marche,19
2022-05-04,Trentino-South Tyrol,9
2022-05-04,Friuli-Venezia Giulia,0
2022-05-04,Basilicata,0
2022-05-04,Aosta Valley,0
2022-05-04,Abruzzo,10
2022-05-04,Molise,0
2022-05-04,Calabria,0
2022-05-03,Tuscany,42
2022-05-03,Lombardy,180
2022-05-03,Lazio,114
2022-05-03,Umbria,0
2022-05-03,Emilia-Romagna,60
2022-05-03,Sicily,27
2022-05-03,Sardinia,11
2022-05-03,Liguria,23
2022-05-03,Campania,53
2022-05-03,Veneto,23
2022-05-03,Piedmont,35
2022-05-03,Apulia,37
2022-05-03,Marche,16
2022-05-03,Trentino-South Tyrol,6
2022-05-03,Friuli-Venezia Giulia,11
2022-05-03,Basilicata,0
2022-05-03,Aosta Valley,0
2022-05-03,Abruzzo,14
2022-05-03,Molise,0
2022-05-03,Calabria,0
2022-05-02,Tuscany,21
2022-05-02,Lombardy,185
2022-05-02,Lazio,97
2022-05-02,Umbria,0
2022-05-02,Emilia-Romagna,58
2022-05-02,Sicily,25
2022-05-02,Sardinia,11
2022-05-02,Liguria,24
2022-05-02,Campania,56
2022-05-02,Veneto,48
2022-05-02,Piedmont,35
2022-05-02,Apulia,42
2022-05-02,Marche,24
2022-05-02,Trentino-South Tyrol,11
2022-05-02,Friuli-Venezia Giulia,0
2022-05-02,Basilicata,0
2022-05-02,Aosta Valley,0
2022-05-02,Abruzzo,13
2022-05-02,Molise,0
2022-05-02,Calabria,0
2022-05-01,Tuscany,12
2022-05-01,Lombardy,78
2022-05-01,Lazio,50
2022-05-01,Umbria,0
2022-05-01,Emilia-Romagna,34
2022-05-01,Sicily,9
2022-05-01,Sardinia,0
2022-05-01,Liguria,0
2022-05-01,Campania,21
2022-05-01,Veneto,15
2022-05-01,Piedmont,10
2022-05-01,Apulia,10
2022-05-01,Marche,0
2022-05-01,Trentino-South Tyrol,0
2022-05-01,Friuli-Venezia Giulia,0
2022-05-01,Basilicata,0
2022-05-01,Aosta Valley,0
2022-05-01,Abruzzo,0
2022-05-01,Molise,0
2022-05-01,Calabria,0
2022-04-30,Tuscany,0
2022-04-30,Lombardy,50
2022-04-30,Lazio,19
2022-04-30,Umbria,0
2022-04-30,Emilia-Romagna,15
2022-04-30,Sicily,10
2022-04-30,Sardinia,0
2022-04-30,Liguria,0
2022-04-30,Campania,23
2022-04-30,Veneto,8
2022-04-30,Piedmont,0
2022-04-30,Apulia,7
2022-04-30,Marche,0
2022-04-30,Trentino-South Tyrol,0
2022-04-30,Friuli-Venezia Giulia,0
2022-04-30,Basilicata,0
2022-04-30,Aosta Valley,0
2022-04-30,Abruzzo,0
2022-04-30,Molise,0
2022-04-30,Calabria,0
2022-04-29,Tuscany,20
2022-04-29,Lombardy,112
2022-04-29,Lazio,61
2022-04-29,Umbria,0
2022-04-29,Emilia-Romagna,23
2022-04-29,Sicily,15
2022-04-29,Sardinia,9
2022-04-29,Liguria,0
2022-04-29,Campania,27
2022-04-29,Veneto,22
2022-04-29,Piedmont,18
2022-04-29,Apulia,18
2022-04-29,Marche,14
2022-04-29,Trentino-South Tyrol,0
2022-04-29,Friuli-Venezia Giulia,0
2022-04-29,Basilicata,0
2022-04-29,Aosta Valley,0
2022-04-29,Abruzzo,0
2022-04-29,Molise,0
2022-04-29,Calabria,0
2022-04-28,Tuscany,33
2022-04-28,Lombardy,165
2022-04-28,Lazio,99
2022-04-28,Umbria,0
2022-04-28,Emilia-Romagna,35
2022-04-28,Sicily,14
2022-04-28,Sardinia,0
2022-04-28,Liguria,16
2022-04-28,Campania,42
2022-04-28,Veneto,32
2022-04-28,Piedmont,24
2022-04-28,Apulia,28
2022-04-28,Marche,0
2022-04-28,Trentino-South Tyrol,0
2022-04-28,Friuli-Venezia Giulia,10
2022-04-28,Basilicata,0
2022-04-28,Aosta Valley,0
2022-04-28,Abruzzo,0
2022-04-28,Molise,0
2022-04-28,Calabria,9
2022-04-27,Tuscany,42
2022-04-27,Lombardy,140
2022-04-27,Lazio,107
2022-04-27,Umbria,0
2022-04-27,Emilia-Romagna,33
2022-04-27,Sicily,31
2022-04-27,Sardinia,11
2022-04-27,Liguria,19
2022-04-27,Campania,55
2022-04-27,Veneto,36
2022-04-27,Piedmont,49
2022-04-27,Apulia,28
2022-04-27,Marche,15
2022-04-27,Trentino-South Tyrol,0
2022-04-27,Friuli-Venezia Giulia,0
2022-04-27,Basilicata,0
2022-04-27,Aosta Valley,0
2022-04-27,Abruzzo,10
2022-04-27,Molise,0
2022-04-27,Calabria,13
2022-04-26,Tuscany,50
2022-04-26,Lombardy,178
2022-04-26,Lazio,123
2022-04-26,Umbria,0
2022-04-26,Emilia-Romagna,59
2022-04-26,Sicily,47
2022-04-26,Sardinia,18
2022-04-26,Liguria,37
2022-04-26,Campania,48
2022-04-26,Veneto,55
2022-04-26,Piedmont,36
2022-04-26,Apulia,40
2022-04-26,Marche,17
2022-04-26,Trentino-South Tyrol,12
2022-04-26,Friuli-Venezia Giulia,0
2022-04-26,Basilicata,0
2022-04-26,Aosta Valley,0
2022-04-26,Abruzzo,12
2022-04-26,Molise,0
2022-04-26,Calabria,15
2022-04-25,Tuscany,28
2022-04-25,Lombardy,94
2022-04-25,Lazio,59
2022-04-25,Umbria,0
2022-04-25,Emilia-Romagna,28
2022-04-25,Sicily,9
2022-04-25,Sardinia,0
2022-04-25,Liguria,13
2022-04-25,Campania,23
2022-04-25,Veneto,23
2022-04-25,Piedmont,13
2022-04-25,Apulia,16
2022-04-25,Marche,26
2022-04-25,Trentino-South Tyrol,0
2022-04-25,Friuli-Venezia Giulia,0
2022-04-25,Basilicata,0
2022-04-25,Aosta Valley,0
2022-04-25,Abruzzo,6
2022-04-25,Molise,0
2022-04-25,Calabria,0
2022-04-24,Tuscany,15
2022-04-24,Lombardy,58
2022-04-24,Lazio,26
2022-04-24,Umbria,0
2022-04-24,Emilia-Romagna,0
2022-04-24,Sicily,0
2022-04-24,Sardinia,19
2022-04-24,Liguria,0
2022-04-24,Campania,0
2022-04-24,Veneto,15
2022-04-24,Piedmont,0
2022-04-24,Apulia,0
2022-04-24,Marche,0
2022-04-24,Trentino-South Tyrol,0
2022-04-24,Friuli-Venezia Giulia,0
2022-04-24,Basilicata,0
2022-04-24,Aosta Valley,0
2022-04-24,Abruzzo,0
2022-04-24,Molise,0
2022-04-24,Calabria,0
2022-04-23,Tuscany,16
2022-04-23,Lombardy,38
2022-04-23,Lazio,16
2022-04-23,Umbria,0
2022-04-23,Emilia-Romagna,7
2022-04-23,Sicily,0
2022-04-23,Sardinia,0
2022-04-23,Liguria,0
2022-04-23,Campania,14
2022-04-23,Veneto,17
2022-04-23,Piedmont,9
2022-04-23,Apulia,0
2022-04-23,Marche,0
2022-04-23,Trentino-South Tyrol,0
2022-04-23,Friuli-Venezia Giulia,0
2022-04-23,Basilicata,0
2022-04-23,Aosta Valley,0
2022-04-23,Abruzzo,0
2022-04-23,Molise,0
2022-04-23,Calabria,0
2022-04-22,Tuscany,21
2022-04-22,Lombardy,112
2022-04-22,Lazio,67
2022-04-22,Umbria,0
2022-04-22,Emilia-Romagna,20
2022-04-22,Sicily,32
2022-04-22,Sardinia,0
2022-04-22,Liguria,16
2022-04-22,Campania,28
2022-04-22,Veneto,35
2022-04-22,Piedmont,22
2022-04-22,Apulia,13
2022-04-22,Marche,15
2022-04-22,Trentino-South Tyrol,0
2022-04-22,Friuli-Venezia Giulia,0
2022-04-22,Basilicata,0
2022-04-22,Aosta Valley,0
2022-04-22,Abruzzo,0
2022-04-22,Molise,0
2022-04-22,Calabria,0
2022-04-21,Tuscany,22
2022-04-21,Lombardy,168
2022-04-21,Lazio,116
2022-04-21,Umbria,6
2022-04-21,Emilia-Romagna,41
2022-04-21,Sicily,38
2022-04-21,Sardinia,0
2022-04-21,Liguria,21
2022-04-21,Campania,45
2022-04-21,Veneto,43
2022-04-21,Piedmont,26
2022-04-21,Apulia,32
2022-04-21,Marche,13
2022-04-21,Trentino-South Tyrol,0
2022-04-21,Friuli-Venezia Giulia,14
2022-04-21,Basilicata,0
2022-04-21,Aosta Valley,0
2022-04-21,Abruzzo,4
2022-04-21,Molise,0
2022-04-21,Calabria,0
2022-04-20,Tuscany,33
2022-04-20,Lombardy,180
2022-04-20,Lazio,118
2022-04-20,Umbria,5
2022-04-20,Emilia-Romagna,42
2022-04-20,Sicily,28
2022-04-20,Sardinia,11
2022-04-20,Liguria,24
2022-04-20,Campania,38
2022-04-20,Veneto,51
2022-04-20,Piedmont,38
2022-04-20,Apulia,40
2022-04-20,Marche,18
2022-04-20,Trentino-South Tyrol,0
2022-04-20,Friuli-Venezia Giulia,0
2022-04-20,Basilicata,0
2022-04-20,Aosta Valley,0
2022-04-20,Abruzzo,8
2022-04-20,Molise,0
2022-04-20,Calabria,0
2022-04-19,Tuscany,59
2022-04-19,Lombardy,188
2022-04-19,Lazio,138
2022-04-19,Umbria,9
2022-04-19,Emilia-Romagna,36
2022-04-19,Sicily,26
2022-04-19,Sardinia,14
2022-04-19,Liguria,37
2022-04-19,Campania,56
2022-04-19,Veneto,37
2022-04-19,Piedmont,40
2022-04-19,Apulia,45
2022-04-19,Marche,14
2022-04-19,Trentino-South Tyrol,32
2022-04-19,Friuli-Venezia Giulia,19
2022-04-19,Basilicata,0
2022-04-19,Aosta Valley,0
2022-04-19,Abruzzo,8
2022-04-19,Molise,0
2022-04-19,Calabria,0
2022-04-18,Tuscany,16
2022-04-18,Lombardy,93
2022-04-18,Lazio,39
2022-04-18,Umbria,0
2022-04-18,Emilia-Romagna,20
2022-04-18,Sicily,0
2022-04-18,Sardinia,0
2022-04-18,Liguria,7
2022-04-18,Campania,15
2022-04-18,Veneto,0
2022-04-18,Piedmont,11
2022-04-18,Apulia,11
2022-04-18,Marche,7
2022-04-18,Trentino-South Tyrol,5
2022-04-18,Friuli-Venezia Giulia,0
2022-04-18,Basilicata,0
2022-04-18,Aosta Valley,0
2022-04-18,Abruzzo,0
2022-04-18,Molise,0
2022-04-18,Calabria,0
2022-04-17,Tuscany,0
2022-04-17,Lombardy,23
2022-04-17,Lazio,13
2022-04-17,Umbria,0
2022-04-17,Emilia-Romagna,0
2022-04-17,Sicily,0
2022-04-17,Sardinia,0
2022-04-17,Liguria,7
2022-04-17,Campania,5
2022-04-17,Veneto,5
2022-04-17,Piedmont,3
2022-04-17,Apulia,0
2022-04-17,Marche,0
2022-04-17,Trentino-South Tyrol,0
2022-04-17,Friuli-Venezia Giulia,0
2022-04-17,Basilicata,0
2022-04-17,Aosta Valley,0
2022-04-17,Abruzzo,0
2022-04-17,Molise,0
2022-04-17,Calabria,0
2022-04-16,Tuscany,13
2022-04-16,Lombardy,24
2022-04-16,Lazio,18
2022-04-16,Umbria,0
2022-04-16,Emilia-Romagna,8
2022-04-16,Sicily,0
2022-04-16,Sardinia,0
2022-04-16,Liguria,0
2022-04-16,Campania,12
2022-04-16,Veneto,10
2022-04-16,Piedmont,0
2022-04-16,Apulia,0
2022-04-16,Marche,0
2022-04-16,Trentino-South Tyrol,0
2022-04-16,Friuli-Venezia Giulia,0
2022-04-16,Basilicata,0
2022-04-16,Aosta Valley,0
2022-04-16,Abruzzo,0
2022-04-16,Molise,0
2022-04-16,Calabria,0
2022-04-15,Tuscany,13
2022-04-15,Lombardy,87
2022-04-15,Lazio,35
2022-04-15,Umbria,0
2022-04-15,Emilia-Romagna,25
2022-04-15,Sicily,16
2022-04-15,Sardinia,0
2022-04-15,Liguria,0
2022-04-15,Campania,27
2022-04-15,Veneto,34
2022-04-15,Piedmont,14
2022-04-15,Apulia,0
2022-04-15,Marche,13
2022-04-15,Trentino-South Tyrol,0
2022-04-15,Friuli-Venezia Giulia,0
2022-04-15,Basilicata,0
2022-04-15,Aosta Valley,0
2022-04-15,Abruzzo,0
2022-04-15,Molise,0
2022-04-15,Calabria,0
2022-04-14,Tuscany,29
2022-04-14,Lombardy,133
2022-04-14,Lazio,103
2022-04-14,Umbria,0
2022-04-14,Emilia-Romagna,39
2022-04-14,Sicily,13
2022-04-14,Sardinia,25
2022-04-14,Liguria,19
2022-04-14,Campania,30
2022-04-14,Veneto,45
2022-04-14,Piedmont,16
2022-04-14,Apulia,31
2022-04-14,Marche,22
2022-04-14,Trentino-South Tyrol,0
2022-04-14,Friuli-Venezia Giulia,9
2022-04-14,Basilicata,0
2022-04-14,Aosta Valley,0
2022-04-14,Abruzzo,0
2022-04-14,Molise,0
2022-04-14,Calabria,13
2022-04-13,Tuscany,31
2022-04-13,Lombardy,160
2022-04-13,Lazio,136
2022-04-13,Umbria,0
2022-04-13,Emilia-Romagna,49
2022-04-13,Sicily,28
2022-04-13,Sardinia,10
2022-04-13,Liguria,16
2022-04-13,Campania,64
2022-04-13,Veneto,53
2022-04-13,Piedmont,30
2022-04-13,Apulia,26
2022-04-13,Marche,19
2022-04-13,Trentino-South Tyrol,3
2022-04-13,Friuli-Venezia Giulia,0
2022-04-13,Basilicata,0
2022-04-13,Aosta Valley,0
2022-04-13,Abruzzo,0
2022-04-13,Molise,0
2022-04-13,Calabria,0
2022-04-12,Tuscany,39
2022-04-12,Lombardy,211
2022-04-12,Lazio,114
2022-04-12,Umbria,0
2022-04-12,Emilia-Romagna,42
2022-04-12,Sicily,28
2022-04-12,Sardinia,14
2022-04-12,Liguria,20
2022-04-12,Campania,51
2022-04-12,Veneto,32
2022-04-12,Piedmont,49
2022-04-12,Apulia,37
2022-04-12,Marche,17
2022-04-12,Trentino-South Tyrol,0
2022-04-12,Friuli-Venezia Giulia,0
2022-04-12,Basilicata,0
2022-04-12,Aosta Valley,0
2022-04-12,Abruzzo,11
2022-04-12,Molise,0
2022-04-12,Calabria,0
2022-04-11,Tuscany,46
2022-04-11,Lombardy,245
2022-04-11,Lazio,161
2022-04-11,Umbria,0
2022-04-11,Emilia-Romagna,64
2022-04-11,Sicily,46
2022-04-11,Sardinia,15
2022-04-11,Liguria,28
2022-04-11,Campania,49
2022-04-11,Veneto,40
2022-04-11,Piedmont,32
2022-04-11,Apulia,41
2022-04-11,Marche,31
2022-04-11,Trentino-South Tyrol,6
2022-04-11,Friuli-Venezia Giulia,0
2022-04-11,Basilicata,0
2022-04-11,Aosta Valley,3
2022-04-11,Abruzzo,11
2022-04-11,Molise,0
2022-04-11,Calabria,8
2022-04-10,Tuscany,23
2022-04-10,Lombardy,89
2022-04-10,Lazio,45
2022-04-10,Umbria,0
2022-04-10,Emilia-Romagna,16
2022-04-10,Sicily,9
2022-04-10,Sardinia,3
2022-04-10,Liguria,0
2022-04-10,Campania,26
2022-04-10,Veneto,9
2022-04-10,Piedmont,18
2022-04-10,Apulia,19
2022-04-10,Marche,10
2022-04-10,Trentino-South Tyrol,0
2022-04-10,Friuli-Venezia Giulia,0
2022-04-10,Basilicata,0
2022-04-10,Aosta Valley,0
2022-04-10,Abruzzo,0
2022-04-10,Molise,0
2022-04-10,Calabria,0
2022-04-09,Tuscany,14
2022-04-09,Lombardy,50
2022-04-09,Lazio,40
2022-04-09,Umbria,0
2022-04-09,Emilia-Romagna,14
2022-04-09,Sicily,8
2022-04-09,Sardinia,0
2022-04-09,Liguria,0
2022-04-09,Campania,23
2022-04-09,Veneto,7
2022-04-09,Piedmont,14
2022-04-09,Apulia,13
2022-04-09,Marche,5
2022-04-09,Trentino-South Tyrol,0
2022-04-09,Friuli-Venezia Giulia,0
2022-04-09,Basilicata,0
2022-04-09,Aosta Valley,0
2022-04-09,Abruzzo,0
2022-04-09,Molise,0
2022-04-09,Calabria,0
2022-04-08,Tuscany,18
2022-04-08,Lombardy,110
2022-04-08,Lazio,95
2022-04-08,Umbria,0
2022-04-08,Emilia-Romagna,41
2022-04-08,Sicily,0
2022-04-08,Sardinia,12
2022-04-08,Liguria,17
2022-04-08,Campania,32
2022-04-08,Veneto,23
2022-04-08,Piedmont,21
2022-04-08,Apulia,0
2022-04-08,Marche,10
2022-04-08,Trentino-South Tyrol,8
2022-04-08,Friuli-Venezia Giulia,0
2022-04-08,Basilicata,0
2022-04-08,Aosta Valley,0
2022-04-08,Abruzzo,0
2022-04-08,Molise,0
2022-04-08,Calabria,0
2022-04-07,Tuscany,36
2022-04-07,Lombardy,140
2022-04-07,Lazio,99
2022-04-07,Umbria,0
2022-04-07,Emilia-Romagna,30
2022-04-07,Sicily,26
2022-04-07,Sardinia,16
2022-04-07,Liguria,22
2022-04-07,Campania,43
2022-04-07,Veneto,36
2022-04-07,Piedmont,21
2022-04-07,Apulia,33
2022-04-07,Marche,21
2022-04-07,Trentino-South Tyrol,10
2022-04-07,Friuli-Venezia Giulia,7
2022-04-07,Basilicata,0
2022-04-07,Aosta Valley,0
2022-04-07,Abruzzo,6
2022-04-07,Molise,0
2022-04-07,Calabria,0
2022-04-06,Tuscany,39
2022-04-06,Lombardy,183
2022-04-06,Lazio,125
2022-04-06,Umbria,9
2022-04-06,Emilia-Romagna,46
2022-04-06,Sicily,26
2022-04-06,Sardinia,8
2022-04-06,Liguria,15
2022-04-06,Campania,53
2022-04-06,Veneto,51
2022-04-06,Piedmont,25
2022-04-06,Apulia,28
2022-04-06,Marche,15
2022-04-06,Trentino-South Tyrol,0
2022-04-06,Friuli-Venezia Giulia,6
2022-04-06,Basilicata,0
2022-04-06,Aosta Valley,0
2022-04-06,Abruzzo,8
2022-04-06,Molise,0
2022-04-06,Calabria,10
2022-04-05,Tuscany,41
2022-04-05,Lombardy,199
2022-04-05,Lazio,97
2022-04-05,Umbria,13
2022-04-05,Emilia-Romagna,49
2022-04-05,Sicily,28
2022-04-05,Sardinia,13
2022-04-05,Liguria,25
2022-04-05,Campania,50
2022-04-05,Veneto,40
2022-04-05,Piedmont,57
2022-04-05,Apulia,50
2022-04-05,Marche,10
2022-04-05,Trentino-South Tyrol,8
2022-04-05,Friuli-Venezia Giulia,6
2022-04-05,Basilicata,0
2022-04-05,Aosta Valley,0
2022-04-05,Abruzzo,0
2022-04-05,Molise,0
2022-04-05,Calabria,0
2022-04-04,Tuscany,27
2022-04-04,Lombardy,215
2022-04-04,Lazio,154
2022-04-04,Umbria,0
2022-04-04,Emilia-Romagna,62
2022-04-04,Sicily,52
2022-04-04,Sardinia,9
2022-04-04,Liguria,29
2022-04-04,Campania,64
2022-04-04,Veneto,68
2022-04-04,Piedmont,34
2022-04-04,Apulia,49
2022-04-04,Marche,23
2022-04-04,Trentino-South Tyrol,0
2022-04-04,Friuli-Venezia Giulia,12
2022-04-04,Basilicata,0
2022-04-04,Aosta Valley,0
2022-04-04,Abruzzo,8
2022-04-04,Molise,0
2022-04-04,Calabria,0
2022-04-03,Tuscany,10
2022-04-03,Lombardy,93
2022-04-03,Lazio,50
2022-04-03,Umbria,0
2022-04-03,Emilia-Romagna,23
2022-04-03,Sicily,13
2022-04-03,Sardinia,0
2022-04-03,Liguria,0
2022-04-03,Campania,23
2022-04-03,Veneto,22
2022-04-03,Piedmont,13
2022-04-03,Apulia,17
2022-04-03,Marche,0
2022-04-03,Trentino-South Tyrol,3
2022-04-03,Friuli-Venezia Giulia,0
2022-04-03,Basilicata,0
2022-04-03,Aosta Valley,0
2022-04-03,Abruzzo,0
2022-04-03,Molise,0
2022-04-03,Calabria,0
2022-04-02,Tuscany,8
2022-04-02,Lombardy,59
2022-04-02,Lazio,33
2022-04-02,Umbria,0
2022-04-02,Emilia-Romagna,10
2022-04-02,Sicily,13
2022-04-02,Sardinia,5
2022-04-02,Liguria,8
2022-04-02,Campania,21
2022-04-02,Veneto,16
2022-04-02,Piedmont,8
2022-04-02,Apulia,17
2022-04-02,Marche,0
2022-04-02,Trentino-South Tyrol,0
2022-04-02,Friuli-Venezia Giulia,0
2022-04-02,Basilicata,0
2022-04-02,Aosta Valley,0
2022-04-02,Abruzzo,0
2022-04-02,Molise,0
2022-04-02,Calabria,0
2022-04-01,Tuscany,15
2022-04-01,Lombardy,113
2022-04-01,Lazio,85
2022-04-01,Umbria,0
2022-04-01,Emilia-Romagna,30
2022-04-01,Sicily,18
2022-04-01,Sardinia,5
2022-04-01,Liguria,8
2022-04-01,Campania,45
2022-04-01,Veneto,22
2022-04-01,Piedmont,28
2022-04-01,Apulia,21
2022-04-01,Marche,0
2022-04-01,Trentino-South Tyrol,0
2022-04-01,Friuli-Venezia Giulia,4
2022-04-01,Basilicata,0
2022-04-01,Aosta Valley,0
2022-04-01,Abruzzo,9
2022-04-01,Molise,0
2022-04-01,Calabria,0
2022-03-31,Tuscany,19
2022-03-31,Lombardy,185
2022-03-31,Lazio,124
2022-03-31,Umbria,0
2022-03-31,Emilia-Romagna,48
2022-03-31,Sicily,28
2022-03-31,Sardinia,7
2022-03-31,Liguria,14
2022-03-31,Campania,49
2022-03-31,Veneto,46
2022-03-31,Piedmont,44
2022-03-31,Apulia,23
2022-03-31,Marche,12
2022-03-31,Trentino-South Tyrol,15
2022-03-31,Friuli-Venezia Giulia,10
2022-03-31,Basilicata,0
2022-03-31,Aosta Valley,0
2022-03-31,Abruzzo,0
2022-03-31,Molise,0
2022-03-31,Calabria,0
2022-03-30,Tuscany,45
2022-03-30,Lombardy,157
2022-03-30,Lazio,92
2022-03-30,Umbria,12
2022-03-30,Emilia-Romagna,44
2022-03-30,Sicily,17
2022-03-30,Sardinia,0
2022-03-30,Liguria,32
2022-03-30,Campania,55
2022-03-30,Veneto,31
2022-03-30,Piedmont,39
2022-03-30,Apulia,30
2022-03-30,Marche,14
2022-03-30,Trentino-South Tyrol,11
2022-03-30,Friuli-Venezia Giulia,5
2022-03-30,Basilicata,0
2022-03-30,Aosta Valley,0
2022-03-30,Abruzzo,0
2022-03-30,Molise,0
2022-03-30,Calabria,0
2022-03-29,Tuscany,37
2022-03-29,Lombardy,190
2022-03-29,Lazio,99
2022-03-29,Umbria,10
2022-03-29,Emilia-Romagna,52
2022-03-29,Sicily,26
2022-03-29,Sardinia,7
2022-03-29,Liguria,16
2022-03-29,Campania,61
2022-03-29,Veneto,55
2022-03-29,Piedmont,27
2022-03-29,Apulia,42
2022-03-29,Marche,20
2022-03-29,Trentino-South Tyrol,4
2022-03-29,Friuli-Venezia Giulia,16
2022-03-29,Basilicata,0
2022-03-29,Aosta Valley,0
2022-03-29,Abruzzo,11
2022-03-29,Molise,0
2022-03-29,Calabria,0
2022-03-28,Tuscany,50
2022-03-28,Lombardy,210
2022-03-28,Lazio,122
2022-03-28,Umbria,19
2022-03-28,Emilia-Romagna,66
2022-03-28,Sicily,46
2022-03-28,Sardinia,0
2022-03-28,Liguria,23
2022-03-28,Campania,77
2022-03-28,Veneto,48
2022-03-28,Piedmont,43
2022-03-28,Apulia,30
2022-03-28,Marche,21
2022-03-28,Trentino-South Tyrol,9
2022-03-28,Friuli-Venezia Giulia,11
2022-03-28,Basilicata,0
2022-03-28,Aosta Valley,0
2022-03-28,Abruzzo,11
2022-03-28,Molise,0
2022-03-28,Calabria,0
2022-03-27,Tuscany,15
2022-03-27,Lombardy,69
2022-03-27,Lazio,33
2022-03-27,Umbria,0
2022-03-27,Emilia-Romagna,36
2022-03-27,Sicily,15
2022-03-27,Sardinia,0
2022-03-27,Liguria,11
2022-03-27,Campania,20
2022-03-27,Veneto,30
2022-03-27,Piedmont,12
2022-03-27,Apulia,13
2022-03-27,Marche,18
2022-03-27,Trentino-South Tyrol,0
2022-03-27,Friuli-Venezia Giulia,0
2022-03-27,Basilicata,0
2022-03-27,Aosta Valley,0
2022-03-27,Abruzzo,0
2022-03-27,Molise,0
2022-03-27,Calabria,9
2022-03-26,Tuscany,8
2022-03-26,Lombardy,50
2022-03-26,Lazio,36
2022-03-26,Umbria,0
2022-03-26,Emilia-Romagna,12
2022-03-26,Sicily,0
2022-03-26,Sardinia,0
2022-03-26,Liguria,14
2022-03-26,Campania,27
2022-03-26,Veneto,0
2022-03-26,Piedmont,7
2022-03-26,Apulia,11
2022-03-26,Marche,0
2022-03-26,Trentino-South Tyrol,0
2022-03-26,Friuli-Venezia Giulia,0
2022-03-26,Basilicata,0
2022-03-26,Aosta Valley,0
2022-03-26,Abruzzo,0
2022-03-26,Molise,0
2022-03-26,Calabria,0
2022-03-25,Tuscany,18
2022-03-25,Lombardy,97
2022-03-25,Lazio,81
2022-03-25,Umbria,0
2022-03-25,Emilia-Romagna,35
2022-03-25,Sicily,17
2022-03-25,Sardinia,0
2022-03-25,Liguria,4
2022-03-25,Campania,19
2022-03-25,Veneto,21
2022-03-25,Piedmont,26
2022-03-25,Apulia,24
2022-03-25,Marche,10
2022-03-25,Trentino-South Tyrol,0
2022-03-25,Friuli-Venezia Giulia,0
2022-03-25,Basilicata,0
2022-03-25,Aosta Valley,0
2022-03-25,Abruzzo,10
2022-03-25,Molise,0
2022-03-25,Calabria,0
2022-03-24,Tuscany,20
2022-03-24,Lombardy,166
2022-03-24,Lazio,68
2022-03-24,Umbria,0
2022-03-24,Emilia-Romagna,41
2022-03-24,Sicily,21
2022-03-24,Sardinia,0
2022-03-24,Liguria,13
2022-03-24,Campania,43
2022-03-24,Veneto,25
2022-03-24,Piedmont,30
2022-03-24,Apulia,15
2022-03-24,Marche,13
2022-03-24,Trentino-South Tyrol,0
2022-03-24,Friuli-Venezia Giulia,9
2022-03-24,Basilicata,0
2022-03-24,Aosta Valley,0
2022-03-24,Abruzzo,12
2022-03-24,Molise,0
2022-03-24,Calabria,0
2022-03-23,Tuscany,29
2022-03-23,Lombardy,201
2022-03-23,Lazio,100
2022-03-23,Umbria,0
2022-03-23,Emilia-Romagna,43
2022-03-23,Sicily,32
2022-03-23,Sardinia,0
2022-03-23,Liguria,11
2022-03-23,Campania,30
2022-03-23,Veneto,28
2022-03-23,Piedmont,68
2022-03-23,Apulia,19
2022-03-23,Marche,16
2022-03-23,Trentino-South Tyrol,11
2022-03-23,Friuli-Venezia Giulia,8
2022-03-23,Basilicata,0
2022-03-23,Aosta Valley,0
2022-03-23,Abruzzo,9
2022-03-23,Molise,0
2022-03-23,Calabria,0
2022-03-22,Tuscany,49
2022-03-22,Lombardy,200
2022-03-22,Lazio,112
2022-03-22,Umbria,0
2022-03-22,Emilia-Romagna,56
2022-03-22,Sicily,29
2022-03-22,Sardinia,0
2022-03-22,Liguria,30
2022-03-22,Campania,65
2022-03-22,Veneto,36
2022-03-22,Piedmont,48
2022-03-22,Apulia,32
2022-03-22,Marche,10
2022-03-22,Trentino-South Tyrol,0
2022-03-22,Friuli-Venezia Giulia,20
2022-03-22,Basilicata,0
2022-03-22,Aosta Valley,0
2022-03-22,Abruzzo,14
2022-03-22,Molise,0
2022-03-22,Calabria,0
2022-03-21,Tuscany,60
2022-03-21,Lombardy,188
2022-03-21,Lazio,100
2022-03-21,Umbria,0
2022-03-21,Emilia-Romagna,42
2022-03-21,Sicily,15
2022-03-21,Sardinia,0
2022-03-21,Liguria,21
2022-03-21,Campania,66
2022-03-21,Veneto,44
2022-03-21,Piedmont,31
2022-03-21,Apulia,19
2022-03-21,Marche,24
2022-03-21,Trentino-South Tyrol,0
2022-03-21,Friuli-Venezia Giulia,12
2022-03-21,Basilicata,0
2022-03-21,Aosta Valley,0
2022-03-21,Abruzzo,8
2022-03-21,Molise,0
2022-03-21,Calabria,0
2022-03-20,Tuscany,12
2022-03-20,Lombardy,66
2022-03-20,Lazio,45
2022-03-20,Umbria,0
2022-03-20,Emilia-Romagna,14
2022-03-20,Sicily,8
2022-03-20,Sardinia,0
2022-03-20,Liguria,11
2022-03-20,Campania,21
2022-03-20,Veneto,17
2022-03-20,Piedmont,0
2022-03-20,Apulia,11
2022-03-20,Marche,0
2022-03-20,Trentino-South Tyrol,0
2022-03-20,Friuli-Venezia Giulia,0
2022-03-20,Basilicata,0
2022-03-20,Aosta Valley,0
2022-03-20,Abruzzo,0
2022-03-20,Molise,0
2022-03-20,Calabria,0
2022-03-19,Tuscany,0
2022-03-19,Lombardy,70
2022-03-19,Lazio,14
2022-03-19,Umbria,0
2022-03-19,Emilia-Romagna,7
2022-03-19,Sicily,9
2022-03-19,Sardinia,0
2022-03-19,Liguria,0
2022-03-19,Campania,23
2022-03-19,Veneto,9
2022-03-19,Piedmont,9
2022-03-19,Apulia,0
2022-03-19,Marche,0
2022-03-19,Trentino-South Tyrol,0
2022-03-19,Friuli-Venezia Giulia,0
2022-03-19,Basilicata,0
2022-03-19,Aosta Valley,0
2022-03-19,Abruzzo,0
2022-03-19,Molise,0
2022-03-19,Calabria,0
2022-03-18,Tuscany,24
2022-03-18,Lombardy,87
2022-03-18,Lazio,62
2022-03-18,Umbria,0
2022-03-18,Emilia-Romagna,30
2022-03-18,Sicily,16
2022-03-18,Sardinia,0
2022-03-18,Liguria,9
2022-03-18,Campania,42
2022-03-18,Veneto,27
2022-03-18,Piedmont,26
2022-03-18,Apulia,14
2022-03-18,Marche,15
2022-03-18,Trentino-South Tyrol,0
2022-03-18,Friuli-Venezia Giulia,15
2022-03-18,Basilicata,0
2022-03-18,Aosta Valley,0
2022-03-18,Abruzzo,0
2022-03-18,Molise,0
2022-03-18,Calabria,0
2022-03-17,Tuscany,19
2022-03-17,Lombardy,137
2022-03-17,Lazio,61
2022-03-17,Umbria,0
2022-03-17,Emilia-Romagna,57
2022-03-17,Sicily,20
2022-03-17,Sardinia,0
2022-03-17,Liguria,12
2022-03-17,Campania,35
2022-03-17,Veneto,37
2022-03-17,Piedmont,46
2022-03-17,Apulia,23
2022-03-17,Marche,13
2022-03-17,Trentino-South Tyrol,6
2022-03-17,Friuli-Venezia Giulia,7
2022-03-17,Basilicata,0
2022-03-17,Aosta Valley,0
2022-03-17,Abruzzo,0
2022-03-17,Molise,0
2022-03-17,Calabria,5
2022-03-16,Tuscany,27
2022-03-16,Lombardy,174
2022-03-16,Lazio,114
2022-03-16,Umbria,0
2022-03-16,Emilia-Romagna,62
2022-03-16,Sicily,25
2022-03-16,Sardinia,13
2022-03-16,Liguria,10
2022-03-16,Campania,28
2022-03-16,Veneto,44
2022-03-16,Piedmont,37
2022-03-16,Apulia,11
2022-03-16,Marche,20
2022-03-16,Trentino-South Tyrol,0
2022-03-16,Friuli-Venezia Giulia,0
2022-03-16,Basilicata,0
2022-03-16,Aosta Valley,0
2022-03-16,Abruzzo,9
2022-03-16,Molise,0
2022-03-16,Calabria,0
2022-03-15,Tuscany,43
2022-03-15,Lombardy,200
2022-03-15,Lazio,120
2022-03-15,Umbria,0
2022-03-15,Emilia-Romagna,53
2022-03-15,Sicily,24
2022-03-15,Sardinia,0
2022-03-15,Liguria,16
2022-03-15,Campania,57
2022-03-15,Veneto,29
2022-03-15,Piedmont,34
2022-03-15,Apulia,24
2022-03-15,Marche,19
2022-03-15,Trentino-South Tyrol,8
2022-03-15,Friuli-Venezia Giulia,13
2022-03-15,Basilicata,0
2022-03-15,Aosta Valley,0
2022-03-15,Abruzzo,0
2022-03-15,Molise,0
2022-03-15,Calabria,0
2022-03-14,Tuscany,25
2022-03-14,Lombardy,226
2022-03-14,Lazio,131
2022-03-14,Umbria,6
2022-03-14,Emilia-Romagna,68
2022-03-14,Sicily,35
2022-03-14,Sardinia,16
2022-03-14,Liguria,36
2022-03-14,Campania,68
2022-03-14,Veneto,43
2022-03-14,Piedmont,42
2022-03-14,Apulia,30
2022-03-14,Marche,14
2022-03-14,Trentino-South Tyrol,5
2022-03-14,Friuli-Venezia Giulia,16
2022-03-14,Basilicata,11
2022-03-14,Aosta Valley,0
2022-03-14,Abruzzo,11
2022-03-14,Molise,0
2022-03-14,Calabria,0
2022-03-13,Tuscany,14
2022-03-13,Lombardy,114
2022-03-13,Lazio,65
2022-03-13,Umbria,0
2022-03-13,Emilia-Romagna,21
2022-03-13,Sicily,14
2022-03-13,Sardinia,0
2022-03-13,Liguria,16
2022-03-13,Campania,15
2022-03-13,Veneto,11
2022-03-13,Piedmont,22
2022-03-13,Apulia,0
2022-03-13,Marche,3
2022-03-13,Trentino-South Tyrol,4
2022-03-13,Friuli-Venezia Giulia,0
2022-03-13,Basilicata,0
2022-03-13,Aosta Valley,0
2022-03-13,Abruzzo,0
2022-03-13,Molise,0
2022-03-13,Calabria,0
2022-03-12,Tuscany,10
2022-03-12,Lombardy,72
2022-03-12,Lazio,41
2022-03-12,Umbria,0
2022-03-12,Emilia-Romagna,19
2022-03-12,Sicily,10
2022-03-12,Sardinia,4
2022-03-12,Liguria,0
2022-03-12,Campania,29
2022-03-12,Veneto,0
2022-03-12,Piedmont,12
2022-03-12,Apulia,0
2022-03-12,Marche,0
2022-03-12,Trentino-South Tyrol,0
2022-03-12,Friuli-Venezia Giulia,0
2022-03-12,Basilicata,0
2022-03-12,Aosta Valley,0
2022-03-12,Abruzzo,5
2022-03-12,Molise,0
2022-03-12,Calabria,0
2022-03-11,Tuscany,22
2022-03-11,Lombardy,105
2022-03-11,Lazio,47
2022-03-11,Umbria,0
2022-03-11,Emilia-Romagna,35
2022-03-11,Sicily,19
2022-03-11,Sardinia,0
2022-03-11,Liguria,0
2022-03-11,Campania,43
2022-03-11,Veneto,27
2022-03-11,Piedmont,25
2022-03-11,Apulia,18
2022-03-11,Marche,13
2022-03-11,Trentino-South Tyrol,7
2022-03-11,Friuli-Venezia Giulia,0
2022-03-11,Basilicata,0
2022-03-11,Aosta Valley,0
2022-03-11,Abruzzo,17
2022-03-11,Molise,0
2022-03-11,Calabria,0
2022-03-10,Tuscany,36
2022-03-10,Lombardy,162
2022-03-10,Lazio,91
2022-03-10,Umbria,0
2022-03-10,Emilia-Romagna,41
2022-03-10,Sicily,39
2022-03-10,Sardinia,0
2022-03-10,Liguria,17
2022-03-10,Campania,48
2022-03-10,Veneto,59
2022-03-10,Piedmont,33
2022-03-10,Apulia,19
2022-03-10,Marche,20
2022-03-10,Trentino-South Tyrol,0
2022-03-10,Friuli-Venezia Giulia,0
2022-03-10,Basilicata,0
2022-03-10,Aosta Valley,0
2022-03-10,Abruzzo,0
2022-03-10,Molise,0
2022-03-10,Calabria,0
2022-03-09,Tuscany,24
2022-03-09,Lombardy,193
2022-03-09,Lazio,109
2022-03-09,Umbria,0
2022-03-09,Emilia-Romagna,32
2022-03-09,Sicily,44
2022-03-09,Sardinia,6
2022-03-09,Liguria,12
2022-03-09,Campania,51
2022-03-09,Veneto,36
2022-03-09,Piedmont,51
2022-03-09,Apulia,47
2022-03-09,Marche,12
2022-03-09,Trentino-South Tyrol,0
2022-03-09,Friuli-Venezia Giulia,8
2022-03-09,Basilicata,0
2022-03-09,Aosta Valley,0
2022-03-09,Abruzzo,11
2022-03-09,Molise,0
2022-03-09,Calabria,0
2022-03-08,Tuscany,32
2022-03-08,Lombardy,155
2022-03-08,Lazio,101
2022-03-08,Umbria,0
2022-03-08,Emilia-Romagna,50
2022-03-08,Sicily,27
2022-03-08,Sardinia,19
2022-03-08,Liguria,9
2022-03-08,Campania,68
2022-03-08,Veneto,42
2022-03-08,Piedmont,52
2022-03-08,Apulia,39
2022-03-08,Marche,15
2022-03-08,Trentino-South Tyrol,0
2022-03-08,Friuli-Venezia Giulia,4
2022-03-08,Basilicata,0
2022-03-08,Aosta Valley,0
2022-03-08,Abruzzo,20
2022-03-08,Molise,0
2022-03-08,Calabria,0
2022-03-07,Tuscany,38
2022-03-07,Lombardy,227
2022-03-07,Lazio,102
2022-03-07,Umbria,11
2022-03-07,Emilia-Romagna,60
2022-03-07,Sicily,32
2022-03-07,Sardinia,18
2022-03-07,Liguria,17
2022-03-07,Campania,61
2022-03-07,Veneto,50
2022-03-07,Piedmont,30
2022-03-07,Apulia,51
2022-03-07,Marche,6
2022-03-07,Trentino-South Tyrol,5
2022-03-07,Friuli-Venezia Giulia,0
2022-03-07,Basilicata,0
2022-03-07,Aosta Valley,0
2022-03-07,Abruzzo,0
2022-03-07,Molise,0
2022-03-07,Calabria,0
2022-03-06,Tuscany,26
2022-03-06,Lombardy,62
2022-03-06,Lazio,53
2022-03-06,Umbria,0
2022-03-06,Emilia-Romagna,30
2022-03-06,Sicily,19
2022-03-06,Sardinia,0
2022-03-06,Liguria,13
2022-03-06,Campania,25
2022-03-06,Veneto,21
2022-03-06,Piedmont,18
2022-03-06,Apulia,19
2022-03-06,Marche,8
2022-03-06,Trentino-South Tyrol,0
2022-03-06,Friuli-Venezia Giulia,0
2022-03-06,Basilicata,0
2022-03-06,Aosta Valley,0
2022-03-06,Abruzzo,0
2022-03-06,Molise,0
2022-03-06,Calabria,0
2022-03-05,Tuscany,0
2022-03-05,Lombardy,72
2022-03-05,Lazio,17
2022-03-05,Umbria,0
2022-03-05,Emilia-Romagna,11
2022-03-05,Sicily,8
2022-03-05,Sardinia,0
2022-03-05,Liguria,0
2022-03-05,Campania,0
2022-03-05,Veneto,0
2022-03-05,Piedmont,12
2022-03-05,Apulia,17
2022-03-05,Marche,0
2022-03-05,Trentino-South Tyrol,0
2022-03-05,Friuli-Venezia Giulia,0
2022-03-05,Basilicata,0
2022-03-05,Aosta Valley,0
2022-03-05,Abruzzo,0
2022-03-05,Molise,0
2022-03-05,Calabria,0
2022-03-04,Tuscany,27
2022-03-04,Lombardy,88
2022-03-04,Lazio,69
2022-03-04,Umbria,0
2022-03-04,Emilia-Romagna,25
2022-03-04,Sicily,24
2022-03-04,Sardinia,8
2022-03-04,Liguria,7
2022-03-04,Campania,42
2022-03-04,Veneto,27
2022-03-04,Piedmont,22
2022-03-04,Apulia,13
2022-03-04,Marche,11
2022-03-04,Trentino-South Tyrol,0
2022-03-04,Friuli-Venezia Giulia,0
2022-03-04,Basilicata,0
2022-03-04,Aosta Valley,0
2022-03-04,Abruzzo,0
2022-03-04,Molise,0
2022-03-04,Calabria,0
2022-03-03,Tuscany,26
2022-03-03,Lombardy,146
2022-03-03,Lazio,80
2022-03-03,Umbria,6
2022-03-03,Emilia-Romagna,28
2022-03-03,Sicily,17
2022-03-03,Sardinia,11
2022-03-03,Liguria,19
2022-03-03,Campania,64
2022-03-03,Veneto,48
2022-03-03,Piedmont,23
2022-03-03,Apulia,18
2022-03-03,Marche,10
2022-03-03,Trentino-South Tyrol,0
2022-03-03,Friuli-Venezia Giulia,0
2022-03-03,Basilicata,0
2022-03-03,Aosta Valley,0
2022-03-03,Abruzzo,12
2022-03-03,Molise,0
2022-03-03,Calabria,0
2022-03-02,Tuscany,38
2022-03-02,Lombardy,184
2022-03-02,Lazio,80
2022-03-02,Umbria,4
2022-03-02,Emilia-Romagna,36
2022-03-02,Sicily,40
2022-03-02,Sardinia,0
2022-03-02,Liguria,23
2022-03-02,Campania,48
2022-03-02,Veneto,48
2022-03-02,Piedmont,24
2022-03-02,Apulia,30
2022-03-02,Marche,15
2022-03-02,Trentino-South Tyrol,0
2022-03-02,Friuli-Venezia Giulia,0
2022-03-02,Basilicata,0
2022-03-02,Aosta Valley,0
2022-03-02,Abruzzo,0
2022-03-02,Molise,0
2022-03-02,Calabria,0
2022-03-01,Tuscany,34
2022-03-01,Lombardy,193
2022-03-01,Lazio,111
2022-03-01,Umbria,8
2022-03-01,Emilia-Romagna,37
2022-03-01,Sicily,40
2022-03-01,Sardinia,8
2022-03-01,Liguria,27
2022-03-01,Campania,58
2022-03-01,Veneto,41
2022-03-01,Piedmont,33
2022-03-01,Apulia,22
2022-03-01,Marche,20
2022-03-01,Trentino-South Tyrol,0
2022-03-01,Friuli-Venezia Giulia,0
2022-03-01,Basilicata,0
2022-03-01,Aosta Valley,0
2022-03-01,Abruzzo,0
2022-03-01,Molise,0
2022-03-01,Calabria,0
2022-02-28,Tuscany,47
2022-02-28,Lombardy,192
2022-02-28,Lazio,110
2022-02-28,Umbria,0
2022-02-28,Emilia-Romagna,69
2022-02-28,Sicily,37
2022-02-28,Sardinia,9
2022-02-28,Liguria,23
2022-02-28,Campania,37
2022-02-28,Veneto,27
2022-02-28,Piedmont,46
2022-02-28,Apulia,39
2022-02-28,Marche,14
2022-02-28,Trentino-South Tyrol,0
2022-02-28,Friuli-Venezia Giulia,11
2022-02-28,Basilicata,19
2022-02-28,Aosta Valley,0
2022-02-28,Abruzzo,5
2022-02-28,Molise,0
2022-02-28,Calabria,0
2022-02-27,Tuscany,23
2022-02-27,Lombardy,94
2022-02-27,Lazio,58
2022-02-27,Umbria,0
2022-02-27,Emilia-Romagna,14
2022-02-27,Sicily,0
2022-02-27,Sardinia,10
2022-02-27,Liguria,0
2022-02-27,Campania,19
2022-02-27,Veneto,11
2022-02-27,Piedmont,15
2022-02-27,Apulia,18
2022-02-27,Marche,8
2022-02-27,Trentino-South Tyrol,6
2022-02-27,Friuli-Venezia Giulia,0
2022-02-27,Basilicata,0
2022-02-27,Aosta Valley,0
2022-02-27,Abruzzo,9
2022-02-27,Molise,0
2022-02-27,Calabria,0
2022-02-26,Tuscany,11
2022-02-26,Lombardy,56
2022-02-26,Lazio,25
2022-02-26,Umbria,0
2022-02-26,Emilia-Romagna,8
2022-02-26,Sicily,10
2022-02-26,Sardinia,0
2022-02-26,Liguria,6
2022-02-26,Campania,18
2022-02-26,Veneto,7
2022-02-26,Piedmont,4
2022-02-26,Apulia,0
2022-02-26,Marche,0
2022-02-26,Trentino-South Tyrol,0
2022-02-26,Friuli-Venezia Giulia,0
2022-02-26,Basilicata,0
2022-02-26,Aosta Valley,0
2022-02-26,Abruzzo,0
2022-02-26,Molise,0
2022-02-26,Calabria,0
2022-02-25,Tuscany,19
2022-02-25,Lombardy,117
2022-02-25,Lazio,56
2022-02-25,Umbria,0
2022-02-25,Emilia-Romagna,29
2022-02-25,Sicily,16
2022-02-25,Sardinia,17
2022-02-25,Liguria,20
2022-02-25,Campania,28
2022-02-25,Veneto,30
2022-02-25,Piedmont,18
2022-02-25,Apulia,7
2022-02-25,Marche,15
2022-02-25,Trentino-South Tyrol,0
2022-02-25,Friuli-Venezia Giulia,0
2022-02-25,Basilicata,5
2022-02-25,Aosta Valley,0
2022-02-25,Abruzzo,0
2022-02-25,Molise,0
2022-02-25,Calabria,0
2022-02-24,Tuscany,27
2022-02-24,Lombardy,183
2022-02-24,Lazio,86
2022-02-24,Umbria,0
2022-02-24,Emilia-Romagna,47
2022-02-24,Sicily,24
2022-02-24,Sardinia,0
2022-02-24,Liguria,24
2022-02-24,Campania,41
2022-02-24,Veneto,24
2022-02-24,Piedmont,17
2022-02-24,Apulia,16
2022-02-24,Marche,17
2022-02-24,Trentino-South Tyrol,7
2022-02-24,Friuli-Venezia Giulia,0
2022-02-24,Basilicata,0
2022-02-24,Aosta Valley,0
2022-02-24,Abruzzo,19
2022-02-24,Molise,0
2022-02-24,Calabria,0
2022-02-23,Tuscany,25
2022-02-23,Lombardy,207
2022-02-23,Lazio,67
2022-02-23,Umbria,15
2022-02-23,Emilia-Romagna,55
2022-02-23,Sicily,38
2022-02-23,Sardinia,0
2022-02-23,Liguria,22
2022-02-23,Campania,35
2022-02-23,Veneto,34
2022-02-23,Piedmont,25
2022-02-23,Apulia,32
2022-02-23,Marche,0
2022-02-23,Trentino-South Tyrol,11
2022-02-23,Friuli-Venezia Giulia,0
2022-02-23,Basilicata,0
2022-02-23,Aosta Valley,0
2022-02-23,Abruzzo,0
2022-02-23,Molise,0
2022-02-23,Calabria,0
2022-02-22,Tuscany,38
2022-02-22,Lombardy,189
2022-02-22,Lazio,110
2022-02-22,Umbria,0
2022-02-22,Emilia-Romagna,39
2022-02-22,Sicily,24
2022-02-22,Sardinia,0
2022-02-22,Liguria,18
2022-02-22,Campania,77
2022-02-22,Veneto,48
2022-02-22,Piedmont,48
2022-02-22,Apulia,29
2022-02-22,Marche,23
2022-02-22,Trentino-South Tyrol,7
2022-02-22,Friuli-Venezia Giulia,0
2022-02-22,Basilicata,0
2022-02-22,Aosta Valley,0
2022-02-22,Abruzzo,0
2022-02-22,Molise,0
2022-02-22,Calabria,0
2022-02-21,Tuscany,43
2022-02-21,Lombardy,181
2022-02-21,Lazio,122
2022-02-21,Umbria,0
2022-02-21,Emilia-Romagna,59
2022-02-21,Sicily,41
2022-02-21,Sardinia,11
2022-02-21,Liguria,31
2022-02-21,Campania,76
2022-02-21,Veneto,74
2022-02-21,Piedmont,31
2022-02-21,Apulia,42
2022-02-21,Marche,12
2022-02-21,Trentino-South Tyrol,0
2022-02-21,Friuli-Venezia Giulia,7
2022-02-21,Basilicata,0
2022-02-21,Aosta Valley,0
2022-02-21,Abruzzo,0
2022-02-21,Molise,0
2022-02-21,Calabria,0
2022-02-20,Tuscany,20
2022-02-20,Lombardy,121
2022-02-20,Lazio,56
2022-02-20,Umbria,0
2022-02-20,Emilia-Romagna,23
2022-02-20,Sicily,13
2022-02-20,Sardinia,8
2022-02-20,Liguria,0
2022-02-20,Campania,24
2022-02-20,Veneto,22
2022-02-20,Piedmont,14
2022-02-20,Apulia,15
2022-02-20,Marche,5
2022-02-20,Trentino-South Tyrol,0
2022-02-20,Friuli-Venezia Giulia,11
2022-02-20,Basilicata,0
2022-02-20,Aosta Valley,0
2022-02-20,Abruzzo,0
2022-02-20,Molise,0
2022-02-20,Calabria,0
2022-02-19,Tuscany,9
2022-02-19,Lombardy,82
2022-02-19,Lazio,24
2022-02-19,Umbria,0
2022-02-19,Emilia-Romagna,0
2022-02-19,Sicily,9
2022-02-19,Sardinia,0
2022-02-19,Liguria,6
2022-02-19,Campania,21
2022-02-19,Veneto,12
2022-02-19,Piedmont,10
2022-02-19,Apulia,11
2022-02-19,Marche,0
2022-02-19,Trentino-South Tyrol,7
2022-02-19,Friuli-Venezia Giulia,0
2022-02-19,Basilicata,0
2022-02-19,Aosta Valley,0
2022-02-19,Abruzzo,0
2022-02-19,Molise,0
2022-02-19,Calabria,6
2022-02-18,Tuscany,26
2022-02-18,Lombardy,87
2022-02-18,Lazio,70
2022-02-18,Umbria,0
2022-02-18,Emilia-Romagna,39
2022-02-18,Sicily,17
2022-02-18,Sardinia,0
2022-02-18,Liguria,12
2022-02-18,Campania,35
2022-02-18,Veneto,26
2022-02-18,Piedmont,18
2022-02-18,Apulia,18
2022-02-18,Marche,15
2022-02-18,Trentino-South Tyrol,8
2022-02-18,Friuli-Venezia Giulia,0
2022-02-18,Basilicata,0
2022-02-18,Aosta Valley,0
2022-02-18,Abruzzo,0
2022-02-18,Molise,0
2022-02-18,Calabria,0
2022-02-17,Tuscany,31
2022-02-17,Lombardy,175
2022-02-17,Lazio,90
2022-02-17,Umbria,0
2022-02-17,Emilia-Romagna,37
2022-02-17,Sicily,29
2022-02-17,Sardinia,0
2022-02-17,Liguria,27
2022-02-17,Campania,45
2022-02-17,Veneto,31
2022-02-17,Piedmont,34
2022-02-17,Apulia,13
2022-02-17,Marche,14
2022-02-17,Trentino-South Tyrol,5
2022-02-17,Friuli-Venezia Giulia,0
2022-02-17,Basilicata,0
2022-02-17,Aosta Valley,0
2022-02-17,Abruzzo,0
2022-02-17,Molise,0
2022-02-17,Calabria,0
2022-02-16,Tuscany,53
2022-02-16,Lombardy,243
2022-02-16,Lazio,95
2022-02-16,Umbria,0
2022-02-16,Emilia-Romagna,49
2022-02-16,Sicily,32
2022-02-16,Sardinia,0
2022-02-16,Liguria,38
2022-02-16,Campania,46
2022-02-16,Veneto,35
2022-02-16,Piedmont,41
2022-02-16,Apulia,28
2022-02-16,Marche,0
2022-02-16,Trentino-South Tyrol,8
2022-02-16,Friuli-Venezia Giulia,0
2022-02-16,Basilicata,0
2022-02-16,Aosta Valley,0
2022-02-16,Abruzzo,0
2022-02-16,Molise,0
2022-02-16,Calabria,0
2022-02-15,Tuscany,53
2022-02-15,Lombardy,345
2022-02-15,Lazio,115
2022-02-15,Umbria,0
2022-02-15,Emilia-Romagna,61
2022-02-15,Sicily,29
2022-02-15,Sardinia,6
2022-02-15,Liguria,28
2022-02-15,Campania,52
2022-02-15,Veneto,41
2022-02-15,Piedmont,31
2022-02-15,Apulia,30
2022-02-15,Marche,15
2022-02-15,Trentino-South Tyrol,8
2022-02-15,Friuli-Venezia Giulia,0
2022-02-15,Basilicata,0
2022-02-15,Aosta Valley,0
2022-02-15,Abruzzo,13
2022-02-15,Molise,0
2022-02-15,Calabria,5
2022-02-14,Tuscany,25
2022-02-14,Lombardy,325
2022-02-14,Lazio,133
2022-02-14,Umbria,0
2022-02-14,Emilia-Romagna,60
2022-02-14,Sicily,38
2022-02-14,Sardinia,14
2022-02-14,Liguria,33
2022-02-14,Campania,48
2022-02-14,Veneto,57
2022-02-14,Piedmont,48
2022-02-14,Apulia,30
2022-02-14,Marche,15
2022-02-14,Trentino-South Tyrol,7
2022-02-14,Friuli-Venezia Giulia,9
2022-02-14,Basilicata,0
2022-02-14,Aosta Valley,0
2022-02-14,Abruzzo,9
2022-02-14,Molise,0
2022-02-14,Calabria,0
2022-02-13,Tuscany,26
2022-02-13,Lombardy,173
2022-02-13,Lazio,45
2022-02-13,Umbria,0
2022-02-13,Emilia-Romagna,26
2022-02-13,Sicily,11
2022-02-13,Sardinia,0
2022-02-13,Liguria,9
2022-02-13,Campania,25
2022-02-13,Veneto,29
2022-02-13,Piedmont,14
2022-02-13,Apulia,27
2022-02-13,Marche,9
2022-02-13,Trentino-South Tyrol,5
2022-02-13,Friuli-Venezia Giulia,0
2022-02-13,Basilicata,0
2022-02-13,Aosta Valley,0
2022-02-13,Abruzzo,0
2022-02-13,Molise,0
2022-02-13,Calabria,0
2022-02-12,Tuscany,10
2022-02-12,Lombardy,112
2022-02-12,Lazio,51
2022-02-12,Umbria,0
2022-02-12,Emilia-Romagna,23
2022-02-12,Sicily,8
2022-02-12,Sardinia,4
2022-02-12,Liguria,14
2022-02-12,Campania,16
2022-02-12,Veneto,15
2022-02-12,Piedmont,19
2022-02-12,Apulia,20
2022-02-12,Marche,0
2022-02-12,Trentino-South Tyrol,0
2022-02-12,Friuli-Venezia Giulia,0
2022-02-12,Basilicata,0
2022-02-12,Aosta Valley,0
2022-02-12,Abruzzo,0
2022-02-12,Molise,0
2022-02-12,Calabria,0
2022-02-11,Tuscany,17
2022-02-11,Lombardy,221
2022-02-11,Lazio,81
2022-02-11,Umbria,0
2022-02-11,Emilia-Romagna,58
2022-02-11,Sicily,24
2022-02-11,Sardinia,0
2022-02-11,Liguria,15
2022-02-11,Campania,28
2022-02-11,Veneto,39
2022-02-11,Piedmont,17
2022-02-11,Apulia,10
2022-02-11,Marche,11
2022-02-11,Trentino-South Tyrol,0
2022-02-11,Friuli-Venezia Giulia,3
2022-02-11,Basilicata,0
2022-02-11,Aosta Valley,0
2022-02-11,Abruzzo,0
2022-02-11,Molise,0
2022-02-11,Calabria,0
2022-02-10,Tuscany,32
2022-02-10,Lombardy,239
2022-02-10,Lazio,83
2022-02-10,Umbria,12
2022-02-10,Emilia-Romagna,64
2022-02-10,Sicily,19
2022-02-10,Sardinia,7
2022-02-10,Liguria,18
2022-02-10,Campania,44
2022-02-10,Veneto,33
2022-02-10,Piedmont,76
2022-02-10,Apulia,20
2022-02-10,Marche,20
2022-02-10,Trentino-South Tyrol,11
2022-02-10,Friuli-Venezia Giulia,5
2022-02-10,Basilicata,0
2022-02-10,Aosta Valley,0
2022-02-10,Abruzzo,0
2022-02-10,Molise,0
2022-02-10,Calabria,0
2022-02-09,Tuscany,37
2022-02-09,Lombardy,336
2022-02-09,Lazio,107
2022-02-09,Umbria,14
2022-02-09,Emilia-Romagna,43
2022-02-09,Sicily,14
2022-02-09,Sardinia,11
2022-02-09,Liguria,27
2022-02-09,Campania,51
2022-02-09,Veneto,42
2022-02-09,Piedmont,34
2022-02-09,Apulia,28
2022-02-09,Marche,23
2022-02-09,Trentino-South Tyrol,0
2022-02-09,Friuli-Venezia Giulia,14
2022-02-09,Basilicata,0
2022-02-09,Aosta Valley,0
2022-02-09,Abruzzo,0
2022-02-09,Molise,0
2022-02-09,Calabria,0
2022-02-08,Tuscany,37
2022-02-08,Lombardy,351
2022-02-08,Lazio,99
2022-02-08,Umbria,0
2022-02-08,Emilia-Romagna,70
2022-02-08,Sicily,40
2022-02-08,Sardinia,0
2022-02-08,Liguria,20
2022-02-08,Campania,42
2022-02-08,Veneto,55
2022-02-08,Piedmont,46
2022-02-08,Apulia,27
2022-02-08,Marche,0
2022-02-08,Trentino-South Tyrol,0
2022-02-08,Friuli-Venezia Giulia,14
2022-02-08,Basilicata,0
2022-02-08,Aosta Valley,0
2022-02-08,Abruzzo,0
2022-02-08,Molise,0
2022-02-08,Calabria,0
2022-02-07,Tuscany,43
2022-02-07,Lombardy,292
2022-02-07,Lazio,117
2022-02-07,Umbria,12
2022-02-07,Emilia-Romagna,48
2022-02-07,Sicily,38
2022-02-07,Sardinia,17
2022-02-07,Liguria,36
2022-02-07,Campania,46
2022-02-07,Veneto,52
2022-02-07,Piedmont,36
2022-02-07,Apulia,34
2022-02-07,Marche,12
2022-02-07,Trentino-South Tyrol,0
2022-02-07,Friuli-Venezia Giulia,12
2022-02-07,Basilicata,0
2022-02-07,Aosta Valley,0
2022-02-07,Abruzzo,13
2022-02-07,Molise,0
2022-02-07,Calabria,0
2022-02-06,Tuscany,0
2022-02-06,Lombardy,137
2022-02-06,Lazio,65
2022-02-06,Umbria,0
2022-02-06,Emilia-Romagna,20
2022-02-06,Sicily,10
2022-02-06,Sardinia,6
2022-02-06,Liguria,17
2022-02-06,Campania,22
2022-02-06,Veneto,0
2022-02-06,Piedmont,18
2022-02-06,Apulia,20
2022-02-06,Marche,0
2022-02-06,Trentino-South Tyrol,0
2022-02-06,Friuli-Venezia Giulia,0
2022-02-06,Basilicata,0
2022-02-06,Aosta Valley,0
2022-02-06,Abruzzo,0
2022-02-06,Molise,0
2022-02-06,Calabria,0
2022-02-05,Tuscany,13
2022-02-05,Lombardy,84
2022-02-05,Lazio,34
2022-02-05,Umbria,0
2022-02-05,Emilia-Romagna,13
2022-02-05,Sicily,0
2022-02-05,Sardinia,0
2022-02-05,Liguria,0
2022-02-05,Campania,10
2022-02-05,Veneto,19
2022-02-05,Piedmont,14
2022-02-05,Apulia,22
2022-02-05,Marche,0
2022-02-05,Trentino-South Tyrol,0
2022-02-05,Friuli-Venezia Giulia,0
2022-02-05,Basilicata,0
2022-02-05,Aosta Valley,0
2022-02-05,Abruzzo,0
2022-02-05,Molise,0
2022-02-05,Calabria,0
2022-02-04,Tuscany,27
2022-02-04,Lombardy,138
2022-02-04,Lazio,74
2022-02-04,Umbria,0
2022-02-04,Emilia-Romagna,52
2022-02-04,Sicily,18
2022-02-04,Sardinia,0
2022-02-04,Liguria,18
2022-02-04,Campania,25
2022-02-04,Veneto,32
2022-02-04,Piedmont,22
2022-02-04,Apulia,20
2022-02-04,Marche,8
2022-02-04,Trentino-South Tyrol,5
2022-02-04,Friuli-Venezia Giulia,6
2022-02-04,Basilicata,0
2022-02-04,Aosta Valley,0
2022-02-04,Abruzzo,0
2022-02-04,Molise,0
2022-02-04,Calabria,3
2022-02-03,Tuscany,36
2022-02-03,Lombardy,223
2022-02-03,Lazio,83
2022-02-03,Umbria,0
2022-02-03,Emilia-Romagna,41
2022-02-03,Sicily,21
2022-02-03,Sardinia,0
2022-02-03,Liguria,31
2022-02-03,Campania,33
2022-02-03,Veneto,37
2022-02-03,Piedmont,32
2022-02-03,Apulia,20
2022-02-03,Marche,15
2022-02-03,Trentino-South Tyrol,0
2022-02-03,Friuli-Venezia Giulia,0
2022-02-03,Basilicata,0
2022-02-03,Aosta Valley,0
2022-02-03,Abruzzo,0
2022-02-03,Molise,0
2022-02-03,Calabria,0
2022-02-02,Tuscany,37
2022-02-02,Lombardy,226
2022-02-02,Lazio,94
2022-02-02,Umbria,9
2022-02-02,Emilia-Romagna,55
2022-02-02,Sicily,25
2022-02-02,Sardinia,0
2022-02-02,Liguria,13
2022-02-02,Campania,45
2022-02-02,Veneto,60
2022-02-02,Piedmont,38
2022-02-02,Apulia,42
2022-02-02,Marche,0
2022-02-02,Trentino-South Tyrol,0
2022-02-02,Friuli-Venezia Giulia,10
2022-02-02,Basilicata,0
2022-02-02,Aosta Valley,0
2022-02-02,Abruzzo,0
2022-02-02,Molise,0
2022-02-02,Calabria,7
2022-02-01,Tuscany,53
2022-02-01,Lombardy,315
2022-02-01,Lazio,135
2022-02-01,Umbria,0
2022-02-01,Emilia-Romagna,61
2022-02-01,Sicily,36
2022-02-01,Sardinia,0
2022-02-01,Liguria,49
2022-02-01,Campania,37
2022-02-01,Veneto,63
2022-02-01,Piedmont,41
2022-02-01,Apulia,38
2022-02-01,Marche,0
2022-02-01,Trentino-South Tyrol,16
2022-02-01,Friuli-Venezia Giulia,10
2022-02-01,Basilicata,0
2022-02-01,Aosta Valley,0
2022-02-01,Abruzzo,7
2022-02-01,Molise,0
2022-02-01,Calabria,0
2022-01-31,Tuscany,38
2022-01-31,Lombardy,321
2022-01-31,Lazio,149
2022-01-31,Umbria,2
2022-01-31,Emilia-Romagna,50
2022-01-31,Sicily,39
2022-01-31,Sardinia,12
2022-01-31,Liguria,37
2022-01-31,Campania,39
2022-01-31,Veneto,45
2022-01-31,Piedmont,54
2022-01-31,Apulia,46
2022-01-31,Marche,0
2022-01-31,Trentino-South Tyrol,19
2022-01-31,Friuli-Venezia Giulia,15
2022-01-31,Basilicata,0
2022-01-31,Aosta Valley,0
2022-01-31,Abruzzo,0
2022-01-31,Molise,0
2022-01-31,Calabria,0
2022-01-30,Tuscany,27
2022-01-30,Lombardy,113
2022-01-30,Lazio,66
2022-01-30,Umbria,0
2022-01-30,Emilia-Romagna,19
2022-01-30,Sicily,11
2022-01-30,Sardinia,0
2022-01-30,Liguria,45
2022-01-30,Campania,22
2022-01-30,Veneto,19
2022-01-30,Piedmont,13
2022-01-30,Apulia,32
2022-01-30,Marche,0
2022-01-30,Trentino-South Tyrol,0
2022-01-30,Friuli-Venezia Giulia,0
2022-01-30,Basilicata,0
2022-01-30,Aosta Valley,0
2022-01-30,Abruzzo,0
2022-01-30,Molise,0
2022-01-30,Calabria,0
2022-01-29,Tuscany,10
2022-01-29,Lombardy,102
2022-01-29,Lazio,36
2022-01-29,Umbria,0
2022-01-29,Emilia-Romagna,10
2022-01-29,Sicily,20
2022-01-29,Sardinia,3
2022-01-29,Liguria,15
2022-01-29,Campania,26
2022-01-29,Veneto,11
2022-01-29,Piedmont,16
2022-01-29,Apulia,8
2022-01-29,Marche,0
2022-01-29,Trentino-South Tyrol,0
2022-01-29,Friuli-Venezia Giulia,0
2022-01-29,Basilicata,0
2022-01-29,Aosta Valley,0
2022-01-29,Abruzzo,0
2022-01-29,Molise,0
2022-01-29,Calabria,0
2022-01-28,Tuscany,24
2022-01-28,Lombardy,203
2022-01-28,Lazio,80
2022-01-28,Umbria,0
2022-01-28,Emilia-Romagna,47
2022-01-28,Sicily,13
2022-01-28,Sardinia,15
2022-01-28,Liguria,24
2022-01-28,Campania,37
2022-01-28,Veneto,22
2022-01-28,Piedmont,22
2022-01-28,Apulia,16
2022-01-28,Marche,12
2022-01-28,Trentino-South Tyrol,0
2022-01-28,Friuli-Venezia Giulia,0
2022-01-28,Basilicata,0
2022-01-28,Aosta Valley,0
2022-01-28,Abruzzo,0
2022-01-28,Molise,0
2022-01-28,Calabria,0
2022-01-27,Tuscany,62
2022-01-27,Lombardy,209
2022-01-27,Lazio,145
2022-01-27,Umbria,0
2022-01-27,Emilia-Romagna,69
2022-01-27,Sicily,23
2022-01-27,Sardinia,0
2022-01-27,Liguria,40
2022-01-27,Campania,28
2022-01-27,Veneto,46
2022-01-27,Piedmont,38
2022-01-27,Apulia,28
2022-01-27,Marche,0
2022-01-27,Trentino-South Tyrol,0
2022-01-27,Friuli-Venezia Giulia,8
2022-01-27,Basilicata,0
2022-01-27,Aosta Valley,0
2022-01-27,Abruzzo,0
2022-01-27,Molise,0
2022-01-27,Calabria,0
2022-01-26,Tuscany,45
2022-01-26,Lombardy,233
2022-01-26,Lazio,121
2022-01-26,Umbria,0
2022-01-26,Emilia-Romagna,39
2022-01-26,Sicily,24
2022-01-26,Sardinia,11
2022-01-26,Liguria,27
2022-01-26,Campania,34
2022-01-26,Veneto,48
2022-01-26,Piedmont,39
2022-01-26,Apulia,33
2022-01-26,Marche,15
2022-01-26,Trentino-South Tyrol,9
2022-01-26,Friuli-Venezia Giulia,6
2022-01-26,Basilicata,0
2022-01-26,Aosta Valley,0
2022-01-26,Abruzzo,9
2022-01-26,Molise,0
2022-01-26,Calabria,9
2022-01-25,Tuscany,43
2022-01-25,Lombardy,265
2022-01-25,Lazio,154
2022-01-25,Umbria,0
2022-01-25,Emilia-Romagna,67
2022-01-25,Sicily,34
2022-01-25,Sardinia,12
2022-01-25,Liguria,44
2022-01-25,Campania,57
2022-01-25,Veneto,41
2022-01-25,Piedmont,50
2022-01-25,Apulia,32
2022-01-25,Marche,22
2022-01-25,Trentino-South Tyrol,0
2022-01-25,Friuli-Venezia Giulia,0
2022-01-25,Basilicata,0
2022-01-25,Aosta Valley,0
2022-01-25,Abruzzo,17
2022-01-25,Molise,0
2022-01-25,Calabria,0
2022-01-24,Tuscany,46
2022-01-24,Lombardy,288
2022-01-24,Lazio,122
2022-01-24,Umbria,10
2022-01-24,Emilia-Romagna,100
2022-01-24,Sicily,30
2022-01-24,Sardinia,24
2022-01-24,Liguria,40
2022-01-24,Campania,55
2022-01-24,Veneto,53
2022-01-24,Piedmont,43
2022-01-24,Apulia,36
2022-01-24,Marche,9
2022-01-24,Trentino-South Tyrol,10
2022-01-24,Friuli-Venezia Giulia,17
2022-01-24,Basilicata,0
2022-01-24,Aosta Valley,0
2022-01-24,Abruzzo,0
2022-01-24,Molise,0
2022-01-24,Calabria,0
2022-01-23,Tuscany,27
2022-01-23,Lombardy,167
2022-01-23,Lazio,59
2022-01-23,Umbria,0
2022-01-23,Emilia-Romagna,33
2022-01-23,Sicily,15
2022-01-23,Sardinia,0
2022-01-23,Liguria,36
2022-01-23,Campania,25
2022-01-23,Veneto,14
2022-01-23,Piedmont,18
2022-01-23,Apulia,17
2022-01-23,Marche,10
2022-01-23,Trentino-South Tyrol,10
2022-01-23,Friuli-Venezia Giulia,0
2022-01-23,Basilicata,0
2022-01-23,Aosta Valley,0
2022-01-23,Abruzzo,0
2022-01-23,Molise,0
2022-01-23,Calabria,0
2022-01-22,Tuscany,13
2022-01-22,Lombardy,96
2022-01-22,Lazio,40
2022-01-22,Umbria,0
2022-01-22,Emilia-Romagna,23
2022-01-22,Sicily,8
2022-01-22,Sardinia,6
2022-01-22,Liguria,27
2022-01-22,Campania,11
2022-01-22,Veneto,24
2022-01-22,Piedmont,10
2022-01-22,Apulia,25
2022-01-22,Marche,0
2022-01-22,Trentino-South Tyrol,5
2022-01-22,Friuli-Venezia Giulia,0
2022-01-22,Basilicata,0
2022-01-22,Aosta Valley,0
2022-01-22,Abruzzo,0
2022-01-22,Molise,0
2022-01-22,Calabria,0
2022-01-21,Tuscany,31
2022-01-21,Lombardy,153
2022-01-21,Lazio,65
2022-01-21,Umbria,0
2022-01-21,Emilia-Romagna,45
2022-01-21,Sicily,27
2022-01-21,Sardinia,9
2022-01-21,Liguria,35
2022-01-21,Campania,33
2022-01-21,Veneto,26
2022-01-21,Piedmont,25
2022-01-21,Apulia,19
2022-01-21,Marche,0
2022-01-21,Trentino-South Tyrol,0
2022-01-21,Friuli-Venezia Giulia,0
2022-01-21,Basilicata,0
2022-01-21,Aosta Valley,0
2022-01-21,Abruzzo,9
2022-01-21,Molise,0
2022-01-21,Calabria,0
2022-01-20,Tuscany,47
2022-01-20,Lombardy,211
2022-01-20,Lazio,119
2022-01-20,Umbria,0
2022-01-20,Emilia-Romagna,58
2022-01-20,Sicily,26
2022-01-20,Sardinia,17
2022-01-20,Liguria,57
2022-01-20,Campania,47
2022-01-20,Veneto,40
2022-01-20,Piedmont,43
2022-01-20,Apulia,33
2022-01-20,Marche,10
2022-01-20,Trentino-South Tyrol,0
2022-01-20,Friuli-Venezia Giulia,0
2022-01-20,Basilicata,0
2022-01-20,Aosta Valley,0
2022-01-20,Abruzzo,0
2022-01-20,Molise,0
2022-01-20,Calabria,0
2022-01-19,Tuscany,53
2022-01-19,Lombardy,256
2022-01-19,Lazio,82
2022-01-19,Umbria,0
2022-01-19,Emilia-Romagna,57
2022-01-19,Sicily,40
2022-01-19,Sardinia,10
2022-01-19,Liguria,44
2022-01-19,Campania,39
2022-01-19,Veneto,42
2022-01-19,Piedmont,52
2022-01-19,Apulia,24
2022-01-19,Marche,16
2022-01-19,Trentino-South Tyrol,13
2022-01-19,Friuli-Venezia Giulia,8
2022-01-19,Basilicata,0
2022-01-19,Aosta Valley,0
2022-01-19,Abruzzo,12
2022-01-19,Molise,0
2022-01-19,Calabria,0
2022-01-18,Tuscany,61
2022-01-18,Lombardy,317
2022-01-18,Lazio,115
2022-01-18,Umbria,11
2022-01-18,Emilia-Romagna,49
2022-01-18,Sicily,27
2022-01-18,Sardinia,26
2022-01-18,Liguria,75
2022-01-18,Campania,47
2022-01-18,Veneto,66
2022-01-18,Piedmont,43
2022-01-18,Apulia,25
2022-01-18,Marche,28
2022-01-18,Trentino-South Tyrol,14
2022-01-18,Friuli-Venezia Giulia,15
2022-01-18,Basilicata,0
2022-01-18,Aosta Valley,0
2022-01-18,Abruzzo,9
2022-01-18,Molise,0
2022-01-18,Calabria,0
2022-01-17,Tuscany,55
2022-01-17,Lombardy,321
2022-01-17,Lazio,150
2022-01-17,Umbria,0
2022-01-17,Emilia-Romagna,81
2022-01-17,Sicily,45
2022-01-17,Sardinia,16
2022-01-17,Liguria,72
2022-01-17,Campania,47
2022-01-17,Veneto,52
2022-01-17,Piedmont,48
2022-01-17,Apulia,47
2022-01-17,Marche,20
2022-01-17,Trentino-South Tyrol,0
2022-01-17,Friuli-Venezia Giulia,10
2022-01-17,Basilicata,0
2022-01-17,Aosta Valley,0
2022-01-17,Abruzzo,28
2022-01-17,Molise,0
2022-01-17,Calabria,0
2022-01-16,Tuscany,20
2022-01-16,Lombardy,162
2022-01-16,Lazio,63
2022-01-16,Umbria,0
2022-01-16,Emilia-Romagna,30
2022-01-16,Sicily,18
2022-01-16,Sardinia,0
2022-01-16,Liguria,28
2022-01-16,Campania,15
2022-01-16,Veneto,24
2022-01-16,Piedmont,16
2022-01-16,Apulia,19
2022-01-16,Marche,8
2022-01-16,Trentino-South Tyrol,0
2022-01-16,Friuli-Venezia Giulia,0
2022-01-16,Basilicata,0
2022-01-16,Aosta Valley,0
2022-01-16,Abruzzo,11
2022-01-16,Molise,0
2022-01-16,Calabria,2
2022-01-15,Tuscany,8
2022-01-15,Lombardy,71
2022-01-15,Lazio,26
2022-01-15,Umbria,0
2022-01-15,Emilia-Romagna,31
2022-01-15,Sicily,12
2022-01-15,Sardinia,0
2022-01-15,Liguria,13
2022-01-15,Campania,8
2022-01-15,Veneto,15
2022-01-15,Piedmont,0
2022-01-15,Apulia,20
2022-01-15,Marche,0
2022-01-15,Trentino-South Tyrol,0
2022-01-15,Friuli-Venezia Giulia,0
2022-01-15,Basilicata,0
2022-01-15,Aosta Valley,0
2022-01-15,Abruzzo,0
2022-01-15,Molise,0
2022-01-15,Calabria,0
2022-01-14,Tuscany,28
2022-01-14,Lombardy,177
2022-01-14,Lazio,77
2022-01-14,Umbria,0
2022-01-14,Emilia-Romagna,41
2022-01-14,Sicily,11
2022-01-14,Sardinia,19
2022-01-14,Liguria,30
2022-01-14,Campania,30
2022-01-14,Veneto,36
2022-01-14,Piedmont,28
2022-01-14,Apulia,19
2022-01-14,Marche,14
2022-01-14,Trentino-South Tyrol,0
2022-01-14,Friuli-Venezia Giulia,0
2022-01-14,Basilicata,0
2022-01-14,Aosta Valley,0
2022-01-14,Abruzzo,0
2022-01-14,Molise,0
2022-01-14,Calabria,5
2022-01-13,Tuscany,37
2022-01-13,Lombardy,234
2022-01-13,Lazio,144
2022-01-13,Umbria,0
2022-01-13,Emilia-Romagna,67
2022-01-13,Sicily,39
2022-01-13,Sardinia,0
2022-01-13,Liguria,38
2022-01-13,Campania,45
2022-01-13,Veneto,40
2022-01-13,Piedmont,32
2022-01-13,Apulia,43
2022-01-13,Marche,10
2022-01-13,Trentino-South Tyrol,0
2022-01-13,Friuli-Venezia Giulia,0
2022-01-13,Basilicata,0
2022-01-13,Aosta Valley,0
2022-01-13,Abruzzo,0
2022-01-13,Molise,0
2022-01-13,Calabria,4
2022-01-12,Tuscany,51
2022-01-12,Lombardy,274
2022-01-12,Lazio,92
2022-01-12,Umbria,8
2022-01-12,Emilia-Romagna,63
2022-01-12,Sicily,32
2022-01-12,Sardinia,16
2022-01-12,Liguria,75
2022-01-12,Campania,48
2022-01-12,Veneto,39
2022-01-12,Piedmont,36
2022-01-12,Apulia,35
2022-01-12,Marche,16
2022-01-12,Trentino-South Tyrol,0
2022-01-12,Friuli-Venezia Giulia,8
2022-01-12,Basilicata,0
2022-01-12,Aosta Valley,0
2022-01-12,Abruzzo,14
2022-01-12,Molise,0
2022-01-12,Calabria,0
2022-01-11,Tuscany,49
2022-01-11,Lombardy,243
2022-01-11,Lazio,126
2022-01-11,Umbria,0
2022-01-11,Emilia-Romagna,60
2022-01-11,Sicily,51
2022-01-11,Sardinia,10
2022-01-11,Liguria,67
2022-01-11,Campania,36
2022-01-11,Veneto,51
2022-01-11,Piedmont,29
2022-01-11,Apulia,26
2022-01-11,Marche,20
2022-01-11,Trentino-South Tyrol,18
2022-01-11,Friuli-Venezia Giulia,0
2022-01-11,Basilicata,0
2022-01-11,Aosta Valley,0
2022-01-11,Abruzzo,8
2022-01-11,Molise,0
2022-01-11,Calabria,4
2022-01-10,Tuscany,48
2022-01-10,Lombardy,250
2022-01-10,Lazio,120
2022-01-10,Umbria,0
2022-01-10,Emilia-Romagna,76
2022-01-10,Sicily,58
2022-01-10,Sardinia,9
2022-01-10,Liguria,41
2022-01-10,Campania,48
2022-01-10,Veneto,56
2022-01-10,Piedmont,48
2022-01-10,Apulia,44
2022-01-10,Marche,19
2022-01-10,Trentino-South Tyrol,11
2022-01-10,Friuli-Venezia Giulia,10
2022-01-10,Basilicata,0
2022-01-10,Aosta Valley,0
2022-01-10,Abruzzo,8
2022-01-10,Molise,0
2022-01-10,Calabria,0
2022-01-09,Tuscany,16
2022-01-09,Lombardy,183
2022-01-09,Lazio,55
2022-01-09,Umbria,0
2022-01-09,Emilia-Romagna,26
2022-01-09,Sicily,11
2022-01-09,Sardinia,0
2022-01-09,Liguria,40
2022-01-09,Campania,31
2022-01-09,Veneto,20
2022-01-09,Piedmont,20
2022-01-09,Apulia,25
2022-01-09,Marche,3
2022-01-09,Trentino-South Tyrol,0
2022-01-09,Friuli-Venezia Giulia,0
2022-01-09,Basilicata,0
2022-01-09,Aosta Valley,0
2022-01-09,Abruzzo,0
2022-01-09,Molise,0
2022-01-09,Calabria,0
2022-01-08,Tuscany,19
2022-01-08,Lombardy,70
2022-01-08,Lazio,46
2022-01-08,Umbria,0
2022-01-08,Emilia-Romagna,25
2022-01-08,Sicily,10
2022-01-08,Sardinia,0
2022-01-08,Liguria,21
2022-01-08,Campania,15
2022-01-08,Veneto,9
2022-01-08,Piedmont,21
2022-01-08,Apulia,15
2022-01-08,Marche,0
2022-01-08,Trentino-South Tyrol,0
2022-01-08,Friuli-Venezia Giulia,0
2022-01-08,Basilicata,0
2022-01-08,Aosta Valley,0
2022-01-08,Abruzzo,0
2022-01-08,Molise,0
2022-01-08,Calabria,0
2022-01-07,Tuscany,22
2022-01-07,Lombardy,159
2022-01-07,Lazio,67
2022-01-07,Umbria,0
2022-01-07,Emilia-Romagna,25
2022-01-07,Sicily,37
2022-01-07,Sardinia,0
2022-01-07,Liguria,43
2022-01-07,Campania,30
2022-01-07,Veneto,19
2022-01-07,Piedmont,13
2022-01-07,Apulia,26
2022-01-07,Marche,9
2022-01-07,Trentino-South Tyrol,6
2022-01-07,Friuli-Venezia Giulia,6
2022-01-07,Basilicata,0
2022-01-07,Aosta Valley,0
2022-01-07,Abruzzo,8
2022-01-07,Molise,0
2022-01-07,Calabria,0
2022-01-06,Tuscany,19
2022-01-06,Lombardy,102
2022-01-06,Lazio,37
2022-01-06,Umbria,0
2022-01-06,Emilia-Romagna,31
2022-01-06,Sicily,10
2022-01-06,Sardinia,0
2022-01-06,Liguria,30
2022-01-06,Campania,14
2022-01-06,Veneto,11
2022-01-06,Piedmont,7
2022-01-06,Apulia,15
2022-01-06,Marche,11
2022-01-06,Trentino-South Tyrol,0
2022-01-06,Friuli-Venezia Giulia,0
2022-01-06,Basilicata,0
2022-01-06,Aosta Valley,0
2022-01-06,Abruzzo,0
2022-01-06,Molise,0
2022-01-06,Calabria,0
2022-01-05,Tuscany,21
2022-01-05,Lombardy,122
2022-01-05,Lazio,59
2022-01-05,Umbria,6
2022-01-05,Emilia-Romagna,32
2022-01-05,Sicily,30
2022-01-05,Sardinia,6
2022-01-05,Liguria,39
2022-01-05,Campania,41
2022-01-05,Veneto,27
2022-01-05,Piedmont,14
2022-01-05,Apulia,17
2022-01-05,Marche,0
2022-01-05,Trentino-South Tyrol,0
2022-01-05,Friuli-Venezia Giulia,6
2022-01-05,Basilicata,0
2022-01-05,Aosta Valley,0
2022-01-05,Abruzzo,10
2022-01-05,Molise,0
2022-01-05,Calabria,0
2022-01-04,Tuscany,18
2022-01-04,Lombardy,196
2022-01-04,Lazio,103
2022-01-04,Umbria,12
2022-01-04,Emilia-Romagna,50
2022-01-04,Sicily,37
2022-01-04,Sardinia,0
2022-01-04,Liguria,46
2022-01-04,Campania,54
2022-01-04,Veneto,38
2022-01-04,Piedmont,25
2022-01-04,Apulia,47
2022-01-04,Marche,0
2022-01-04,Trentino-South Tyrol,12
2022-01-04,Friuli-Venezia Giulia,12
2022-01-04,Basilicata,0
2022-01-04,Aosta Valley,0
2022-01-04,Abruzzo,0
2022-01-04,Molise,0
2022-01-04,Calabria,0
2022-01-03,Tuscany,30
2022-01-03,Lombardy,183
2022-01-03,Lazio,108
2022-01-03,Umbria,0
2022-01-03,Emilia-Romagna,59
2022-01-03,Sicily,31
2022-01-03,Sardinia,5
2022-01-03,Liguria,47
2022-01-03,Campania,54
2022-01-03,Veneto,36
2022-01-03,Piedmont,37
2022-01-03,Apulia,44
2022-01-03,Marche,15
2022-01-03,Trentino-South Tyrol,6
2022-01-03,Friuli-Venezia Giulia,19
2022-01-03,Basilicata,0
2022-01-03,Aosta Valley,0
2022-01-03,Abruzzo,9
2022-01-03,Molise,0
2022-01-03,Calabria,0
2022-01-02,Tuscany,34
2022-01-02,Lombardy,96
2022-01-02,Lazio,46
2022-01-02,Umbria,0
2022-01-02,Emilia-Romagna,15
2022-01-02,Sicily,6
2022-01-02,Sardinia,6
2022-01-02,Liguria,28
2022-01-02,Campania,14
2022-01-02,Veneto,24
2022-01-02,Piedmont,15
2022-01-02,Apulia,11
2022-01-02,Marche,0
2022-01-02,Trentino-South Tyrol,0
2022-01-02,Friuli-Venezia Giulia,0
2022-01-02,Basilicata,0
2022-01-02,Aosta Valley,0
2022-01-02,Abruzzo,0
2022-01-02,Molise,0
2022-01-02,Calabria,0
2022-01-01,Tuscany,13
2022-01-01,Lombardy,31
2022-01-01,Lazio,23
2022-01-01,Umbria,0
2022-01-01,Emilia-Romagna,18
2022-01-01,Sicily,7
2022-01-01,Sardinia,0
2022-01-01,Liguria,15
2022-01-01,Campania,13
2022-01-01,Veneto,0
2022-01-01,Piedmont,0
2022-01-01,Apulia,10
2022-01-01,Marche,0
2022-01-01,Trentino-South Tyrol,0
2022-01-01,Friuli-Venezia Giulia,0
2022-01-01,Basilicata,0
2022-01-01,Aosta Valley,0
2022-01-01,Abruzzo,0
2022-01-01,Molise,0
2022-01-01,Calabria,0
